ProductID,ProductSubcategoryID,Name,ProductNumber,ProductLine,Class,Style,Color,StandardCost,ListPrice,Size,SizeUnitMeasureCode,Weight,WeightUnitMeasureCode,MakeFlag,FinishedGoodsFlag,SellStartDate,SellEndDate,DiscontinuedDate,ModifiedDate
1,,Adjustable Race,AR-5381,,,,,0,0,,,,,0,0,2008-04-30 00:00:00,,,2014-02-08 10:01:36.827000000
2,,Bearing Ball,BA-8327,,,,,0,0,,,,,0,0,2008-04-30 00:00:00,,,2014-02-08 10:01:36.827000000
3,,BB Ball Bearing,BE-2349,,,,,0,0,,,,,1,0,2008-04-30 00:00:00,,,2014-02-08 10:01:36.827000000
4,,Headset Ball Bearings,BE-2908,,,,,0,0,,,,,0,0,2008-04-30 00:00:00,,,2014-02-08 10:01:36.827000000
316,,Blade,BL-2036,,,,,0,0,,,,,1,0,2008-04-30 00:00:00,,,2014-02-08 10:01:36.827000000
317,,LL Crankarm,CA-5965,,L ,,Black,0,0,,,,,0,0,2008-04-30 00:00:00,,,2014-02-08 10:01:36.827000000
318,,ML Crankarm,CA-6738,,M ,,Black,0,0,,,,,0,0,2008-04-30 00:00:00,,,2014-02-08 10:01:36.827000000
319,,HL Crankarm,CA-7457,,,,Black,0,0,,,,,0,0,2008-04-30 00:00:00,,,2014-02-08 10:01:36.827000000
320,,Chainring Bolts,CB-2903,,,,Silver,0,0,,,,,0,0,2008-04-30 00:00:00,,,2014-02-08 10:01:36.827000000
321,,Chainring Nut,CN-6137,,,,Silver,0,0,,,,,0,0,2008-04-30 00:00:00,,,2014-02-08 10:01:36.827000000
322,,Chainring,CR-7833,,,,Black,0,0,,,,,0,0,2008-04-30 00:00:00,,,2014-02-08 10:01:36.827000000
323,,Crown Race,CR-9981,,,,,0,0,,,,,0,0,2008-04-30 00:00:00,,,2014-02-08 10:01:36.827000000
324,,Chain Stays,CS-2812,,,,,0,0,,,,,1,0,2008-04-30 00:00:00,,,2014-02-08 10:01:36.827000000
325,,Decal 1,DC-8732,,,,,0,0,,,,,0,0,2008-04-30 00:00:00,,,2014-02-08 10:01:36.827000000
326,,Decal 2,DC-9824,,,,,0,0,,,,,0,0,2008-04-30 00:00:00,,,2014-02-08 10:01:36.827000000
327,,Down Tube,DT-2377,,,,,0,0,,,,,1,0,2008-04-30 00:00:00,,,2014-02-08 10:01:36.827000000
328,,Mountain End Caps,EC-M092,,,,,0,0,,,,,1,0,2008-04-30 00:00:00,,,2014-02-08 10:01:36.827000000
329,,Road End Caps,EC-R098,,,,,0,0,,,,,1,0,2008-04-30 00:00:00,,,2014-02-08 10:01:36.827000000
330,,Touring End Caps,EC-T209,,,,,0,0,,,,,1,0,2008-04-30 00:00:00,,,2014-02-08 10:01:36.827000000
331,,Fork End,FE-3760,,,,,0,0,,,,,1,0,2008-04-30 00:00:00,,,2014-02-08 10:01:36.827000000
332,,Freewheel,FH-2981,,,,Silver,0,0,,,,,0,0,2008-04-30 00:00:00,,,2014-02-08 10:01:36.827000000
341,,Flat Washer 1,FW-1000,,,,,0,0,,,,,0,0,2008-04-30 00:00:00,,,2014-02-08 10:01:36.827000000
342,,Flat Washer 6,FW-1200,,,,,0,0,,,,,0,0,2008-04-30 00:00:00,,,2014-02-08 10:01:36.827000000
343,,Flat Washer 2,FW-1400,,,,,0,0,,,,,0,0,2008-04-30 00:00:00,,,2014-02-08 10:01:36.827000000
344,,Flat Washer 9,FW-3400,,,,,0,0,,,,,0,0,2008-04-30 00:00:00,,,2014-02-08 10:01:36.827000000
345,,Flat Washer 4,FW-3800,,,,,0,0,,,,,0,0,2008-04-30 00:00:00,,,2014-02-08 10:01:36.827000000
346,,Flat Washer 3,FW-5160,,,,,0,0,,,,,0,0,2008-04-30 00:00:00,,,2014-02-08 10:01:36.827000000
347,,Flat Washer 8,FW-5800,,,,,0,0,,,,,0,0,2008-04-30 00:00:00,,,2014-02-08 10:01:36.827000000
348,,Flat Washer 5,FW-7160,,,,,0,0,,,,,0,0,2008-04-30 00:00:00,,,2014-02-08 10:01:36.827000000
349,,Flat Washer 7,FW-9160,,,,,0,0,,,,,0,0,2008-04-30 00:00:00,,,2014-02-08 10:01:36.827000000
350,,Fork Crown,FC-3654,,,,,0,0,,,,,1,0,2008-04-30 00:00:00,,,2014-02-08 10:01:36.827000000
351,,Front Derailleur Cage,FC-3982,,,,Silver,0,0,,,,,0,0,2008-04-30 00:00:00,,,2014-02-08 10:01:36.827000000
352,,Front Derailleur Linkage,FL-2301,,,,Silver,0,0,,,,,0,0,2008-04-30 00:00:00,,,2014-02-08 10:01:36.827000000
355,,Guide Pulley,GP-0982,,,,,0,0,,,,,0,0,2008-04-30 00:00:00,,,2014-02-08 10:01:36.827000000
356,,LL Grip Tape,GT-0820,,L ,,,0,0,,,,,0,0,2008-04-30 00:00:00,,,2014-02-08 10:01:36.827000000
357,,ML Grip Tape,GT-1209,,M ,,,0,0,,,,,0,0,2008-04-30 00:00:00,,,2014-02-08 10:01:36.827000000
358,,HL Grip Tape,GT-2908,,,,,0,0,,,,,0,0,2008-04-30 00:00:00,,,2014-02-08 10:01:36.827000000
359,,Thin-Jam Hex Nut 9,HJ-1213,,,,,0,0,,,,,0,0,2008-04-30 00:00:00,,,2014-02-08 10:01:36.827000000
360,,Thin-Jam Hex Nut 10,HJ-1220,,,,,0,0,,,,,0,0,2008-04-30 00:00:00,,,2014-02-08 10:01:36.827000000
361,,Thin-Jam Hex Nut 1,HJ-1420,,,,,0,0,,,,,0,0,2008-04-30 00:00:00,,,2014-02-08 10:01:36.827000000
362,,Thin-Jam Hex Nut 2,HJ-1428,,,,,0,0,,,,,0,0,2008-04-30 00:00:00,,,2014-02-08 10:01:36.827000000
363,,Thin-Jam Hex Nut 15,HJ-3410,,,,,0,0,,,,,0,0,2008-04-30 00:00:00,,,2014-02-08 10:01:36.827000000
364,,Thin-Jam Hex Nut 16,HJ-3416,,,,,0,0,,,,,0,0,2008-04-30 00:00:00,,,2014-02-08 10:01:36.827000000
365,,Thin-Jam Hex Nut 5,HJ-3816,,,,,0,0,,,,,0,0,2008-04-30 00:00:00,,,2014-02-08 10:01:36.827000000
366,,Thin-Jam Hex Nut 6,HJ-3824,,,,,0,0,,,,,0,0,2008-04-30 00:00:00,,,2014-02-08 10:01:36.827000000
367,,Thin-Jam Hex Nut 3,HJ-5161,,,,,0,0,,,,,0,0,2008-04-30 00:00:00,,,2014-02-08 10:01:36.827000000
368,,Thin-Jam Hex Nut 4,HJ-5162,,,,,0,0,,,,,0,0,2008-04-30 00:00:00,,,2014-02-08 10:01:36.827000000
369,,Thin-Jam Hex Nut 13,HJ-5811,,,,,0,0,,,,,0,0,2008-04-30 00:00:00,,,2014-02-08 10:01:36.827000000
370,,Thin-Jam Hex Nut 14,HJ-5818,,,,,0,0,,,,,0,0,2008-04-30 00:00:00,,,2014-02-08 10:01:36.827000000
371,,Thin-Jam Hex Nut 7,HJ-7161,,,,,0,0,,,,,0,0,2008-04-30 00:00:00,,,2014-02-08 10:01:36.827000000
372,,Thin-Jam Hex Nut 8,HJ-7162,,,,,0,0,,,,,0,0,2008-04-30 00:00:00,,,2014-02-08 10:01:36.827000000
373,,Thin-Jam Hex Nut 12,HJ-9080,,,,,0,0,,,,,0,0,2008-04-30 00:00:00,,,2014-02-08 10:01:36.827000000
374,,Thin-Jam Hex Nut 11,HJ-9161,,,,,0,0,,,,,0,0,2008-04-30 00:00:00,,,2014-02-08 10:01:36.827000000
375,,Hex Nut 5,HN-1024,,,,,0,0,,,,,0,0,2008-04-30 00:00:00,,,2014-02-08 10:01:36.827000000
376,,Hex Nut 6,HN-1032,,,,,0,0,,,,,0,0,2008-04-30 00:00:00,,,2014-02-08 10:01:36.827000000
377,,Hex Nut 16,HN-1213,,,,,0,0,,,,,0,0,2008-04-30 00:00:00,,,2014-02-08 10:01:36.827000000
378,,Hex Nut 17,HN-1220,,,,,0,0,,,,,0,0,2008-04-30 00:00:00,,,2014-02-08 10:01:36.827000000
379,,Hex Nut 7,HN-1224,,,,,0,0,,,,,0,0,2008-04-30 00:00:00,,,2014-02-08 10:01:36.827000000
380,,Hex Nut 8,HN-1420,,,,,0,0,,,,,0,0,2008-04-30 00:00:00,,,2014-02-08 10:01:36.827000000
381,,Hex Nut 9,HN-1428,,,,,0,0,,,,,0,0,2008-04-30 00:00:00,,,2014-02-08 10:01:36.827000000
382,,Hex Nut 22,HN-3410,,,,,0,0,,,,,0,0,2008-04-30 00:00:00,,,2014-02-08 10:01:36.827000000
383,,Hex Nut 23,HN-3416,,,,,0,0,,,,,0,0,2008-04-30 00:00:00,,,2014-02-08 10:01:36.827000000
384,,Hex Nut 12,HN-3816,,,,,0,0,,,,,0,0,2008-04-30 00:00:00,,,2014-02-08 10:01:36.827000000
385,,Hex Nut 13,HN-3824,,,,,0,0,,,,,0,0,2008-04-30 00:00:00,,,2014-02-08 10:01:36.827000000
386,,Hex Nut 1,HN-4402,,,,,0,0,,,,,0,0,2008-04-30 00:00:00,,,2014-02-08 10:01:36.827000000
387,,Hex Nut 10,HN-5161,,,,,0,0,,,,,0,0,2008-04-30 00:00:00,,,2014-02-08 10:01:36.827000000
388,,Hex Nut 11,HN-5162,,,,,0,0,,,,,0,0,2008-04-30 00:00:00,,,2014-02-08 10:01:36.827000000
389,,Hex Nut 2,HN-5400,,,,,0,0,,,,,0,0,2008-04-30 00:00:00,,,2014-02-08 10:01:36.827000000
390,,Hex Nut 20,HN-5811,,,,,0,0,,,,,0,0,2008-04-30 00:00:00,,,2014-02-08 10:01:36.827000000
391,,Hex Nut 21,HN-5818,,,,,0,0,,,,,0,0,2008-04-30 00:00:00,,,2014-02-08 10:01:36.827000000
392,,Hex Nut 3,HN-6320,,,,,0,0,,,,,0,0,2008-04-30 00:00:00,,,2014-02-08 10:01:36.827000000
393,,Hex Nut 14,HN-7161,,,,,0,0,,,,,0,0,2008-04-30 00:00:00,,,2014-02-08 10:01:36.827000000
394,,Hex Nut 15,HN-7162,,,,,0,0,,,,,0,0,2008-04-30 00:00:00,,,2014-02-08 10:01:36.827000000
395,,Hex Nut 4,HN-8320,,,,,0,0,,,,,0,0,2008-04-30 00:00:00,,,2014-02-08 10:01:36.827000000
396,,Hex Nut 18,HN-9161,,,,,0,0,,,,,0,0,2008-04-30 00:00:00,,,2014-02-08 10:01:36.827000000
397,,Hex Nut 19,HN-9168,,,,,0,0,,,,,0,0,2008-04-30 00:00:00,,,2014-02-08 10:01:36.827000000
398,,Handlebar Tube,HT-2981,,,,,0,0,,,,,1,0,2008-04-30 00:00:00,,,2014-02-08 10:01:36.827000000
399,,Head Tube,HT-8019,,,,,0,0,,,,,1,0,2008-04-30 00:00:00,,,2014-02-08 10:01:36.827000000
400,,LL Hub,HU-6280,,L ,,,0,0,,,,,1,0,2008-04-30 00:00:00,,,2014-02-08 10:01:36.827000000
401,,HL Hub,HU-8998,,,,,0,0,,,,,1,0,2008-04-30 00:00:00,,,2014-02-08 10:01:36.827000000
402,,Keyed Washer,KW-4091,,,,,0,0,,,,,0,0,2008-04-30 00:00:00,,,2014-02-08 10:01:36.827000000
403,,External Lock Washer 3,LE-1000,,,,,0,0,,,,,0,0,2008-04-30 00:00:00,,,2014-02-08 10:01:36.827000000
404,,External Lock Washer 4,LE-1200,,,,,0,0,,,,,0,0,2008-04-30 00:00:00,,,2014-02-08 10:01:36.827000000
405,,External Lock Washer 9,LE-1201,,,,,0,0,,,,,0,0,2008-04-30 00:00:00,,,2014-02-08 10:01:36.827000000
406,,External Lock Washer 5,LE-1400,,,,,0,0,,,,,0,0,2008-04-30 00:00:00,,,2014-02-08 10:01:36.827000000
407,,External Lock Washer 7,LE-3800,,,,,0,0,,,,,0,0,2008-04-30 00:00:00,,,2014-02-08 10:01:36.827000000
408,,External Lock Washer 6,LE-5160,,,,,0,0,,,,,0,0,2008-04-30 00:00:00,,,2014-02-08 10:01:36.827000000
409,,External Lock Washer 1,LE-6000,,,,,0,0,,,,,0,0,2008-04-30 00:00:00,,,2014-02-08 10:01:36.827000000
410,,External Lock Washer 8,LE-7160,,,,,0,0,,,,,0,0,2008-04-30 00:00:00,,,2014-02-08 10:01:36.827000000
411,,External Lock Washer 2,LE-8000,,,,,0,0,,,,,0,0,2008-04-30 00:00:00,,,2014-02-08 10:01:36.827000000
412,,Internal Lock Washer 3,LI-1000,,,,,0,0,,,,,0,0,2008-04-30 00:00:00,,,2014-02-08 10:01:36.827000000
413,,Internal Lock Washer 4,LI-1200,,,,,0,0,,,,,0,0,2008-04-30 00:00:00,,,2014-02-08 10:01:36.827000000
414,,Internal Lock Washer 9,LI-1201,,,,,0,0,,,,,0,0,2008-04-30 00:00:00,,,2014-02-08 10:01:36.827000000
415,,Internal Lock Washer 5,LI-1400,,,,,0,0,,,,,0,0,2008-04-30 00:00:00,,,2014-02-08 10:01:36.827000000
416,,Internal Lock Washer 7,LI-3800,,,,,0,0,,,,,0,0,2008-04-30 00:00:00,,,2014-02-08 10:01:36.827000000
417,,Internal Lock Washer 6,LI-5160,,,,,0,0,,,,,0,0,2008-04-30 00:00:00,,,2014-02-08 10:01:36.827000000
418,,Internal Lock Washer 10,LI-5800,,,,,0,0,,,,,0,0,2008-04-30 00:00:00,,,2014-02-08 10:01:36.827000000
419,,Internal Lock Washer 1,LI-6000,,,,,0,0,,,,,0,0,2008-04-30 00:00:00,,,2014-02-08 10:01:36.827000000
420,,Internal Lock Washer 8,LI-7160,,,,,0,0,,,,,0,0,2008-04-30 00:00:00,,,2014-02-08 10:01:36.827000000
421,,Internal Lock Washer 2,LI-8000,,,,,0,0,,,,,0,0,2008-04-30 00:00:00,,,2014-02-08 10:01:36.827000000
422,,Thin-Jam Lock Nut 9,LJ-1213,,,,,0,0,,,,,0,0,2008-04-30 00:00:00,,,2014-02-08 10:01:36.827000000
423,,Thin-Jam Lock Nut 10,LJ-1220,,,,,0,0,,,,,0,0,2008-04-30 00:00:00,,,2014-02-08 10:01:36.827000000
424,,Thin-Jam Lock Nut 1,LJ-1420,,,,,0,0,,,,,0,0,2008-04-30 00:00:00,,,2014-02-08 10:01:36.827000000
425,,Thin-Jam Lock Nut 2,LJ-1428,,,,,0,0,,,,,0,0,2008-04-30 00:00:00,,,2014-02-08 10:01:36.827000000
426,,Thin-Jam Lock Nut 15,LJ-3410,,,,,0,0,,,,,0,0,2008-04-30 00:00:00,,,2014-02-08 10:01:36.827000000
427,,Thin-Jam Lock Nut 16,LJ-3416,,,,,0,0,,,,,0,0,2008-04-30 00:00:00,,,2014-02-08 10:01:36.827000000
428,,Thin-Jam Lock Nut 5,LJ-3816,,,,,0,0,,,,,0,0,2008-04-30 00:00:00,,,2014-02-08 10:01:36.827000000
429,,Thin-Jam Lock Nut 6,LJ-3824,,,,,0,0,,,,,0,0,2008-04-30 00:00:00,,,2014-02-08 10:01:36.827000000
430,,Thin-Jam Lock Nut 3,LJ-5161,,,,,0,0,,,,,0,0,2008-04-30 00:00:00,,,2014-02-08 10:01:36.827000000
431,,Thin-Jam Lock Nut 4,LJ-5162,,,,,0,0,,,,,0,0,2008-04-30 00:00:00,,,2014-02-08 10:01:36.827000000
432,,Thin-Jam Lock Nut 13,LJ-5811,,,,,0,0,,,,,0,0,2008-04-30 00:00:00,,,2014-02-08 10:01:36.827000000
433,,Thin-Jam Lock Nut 14,LJ-5818,,,,,0,0,,,,,0,0,2008-04-30 00:00:00,,,2014-02-08 10:01:36.827000000
434,,Thin-Jam Lock Nut 7,LJ-7161,,,,,0,0,,,,,0,0,2008-04-30 00:00:00,,,2014-02-08 10:01:36.827000000
435,,Thin-Jam Lock Nut 8,LJ-7162,,,,,0,0,,,,,0,0,2008-04-30 00:00:00,,,2014-02-08 10:01:36.827000000
436,,Thin-Jam Lock Nut 12,LJ-9080,,,,,0,0,,,,,0,0,2008-04-30 00:00:00,,,2014-02-08 10:01:36.827000000
437,,Thin-Jam Lock Nut 11,LJ-9161,,,,,0,0,,,,,0,0,2008-04-30 00:00:00,,,2014-02-08 10:01:36.827000000
438,,Lock Nut 5,LN-1024,,,,,0,0,,,,,0,0,2008-04-30 00:00:00,,,2014-02-08 10:01:36.827000000
439,,Lock Nut 6,LN-1032,,,,,0,0,,,,,0,0,2008-04-30 00:00:00,,,2014-02-08 10:01:36.827000000
440,,Lock Nut 16,LN-1213,,,,,0,0,,,,,0,0,2008-04-30 00:00:00,,,2014-02-08 10:01:36.827000000
441,,Lock Nut 17,LN-1220,,,,,0,0,,,,,0,0,2008-04-30 00:00:00,,,2014-02-08 10:01:36.827000000
442,,Lock Nut 7,LN-1224,,,,,0,0,,,,,0,0,2008-04-30 00:00:00,,,2014-02-08 10:01:36.827000000
443,,Lock Nut 8,LN-1420,,,,,0,0,,,,,0,0,2008-04-30 00:00:00,,,2014-02-08 10:01:36.827000000
444,,Lock Nut 9,LN-1428,,,,,0,0,,,,,0,0,2008-04-30 00:00:00,,,2014-02-08 10:01:36.827000000
445,,Lock Nut 22,LN-3410,,,,,0,0,,,,,0,0,2008-04-30 00:00:00,,,2014-02-08 10:01:36.827000000
446,,Lock Nut 23,LN-3416,,,,,0,0,,,,,0,0,2008-04-30 00:00:00,,,2014-02-08 10:01:36.827000000
447,,Lock Nut 12,LN-3816,,,,,0,0,,,,,0,0,2008-04-30 00:00:00,,,2014-02-08 10:01:36.827000000
448,,Lock Nut 13,LN-3824,,,,,0,0,,,,,0,0,2008-04-30 00:00:00,,,2014-02-08 10:01:36.827000000
449,,Lock Nut 1,LN-4400,,,,,0,0,,,,,0,0,2008-04-30 00:00:00,,,2014-02-08 10:01:36.827000000
450,,Lock Nut 10,LN-5161,,,,,0,0,,,,,0,0,2008-04-30 00:00:00,,,2014-02-08 10:01:36.827000000
451,,Lock Nut 11,LN-5162,,,,,0,0,,,,,0,0,2008-04-30 00:00:00,,,2014-02-08 10:01:36.827000000
452,,Lock Nut 2,LN-5400,,,,,0,0,,,,,0,0,2008-04-30 00:00:00,,,2014-02-08 10:01:36.827000000
453,,Lock Nut 20,LN-5811,,,,,0,0,,,,,0,0,2008-04-30 00:00:00,,,2014-02-08 10:01:36.827000000
454,,Lock Nut 21,LN-5818,,,,,0,0,,,,,0,0,2008-04-30 00:00:00,,,2014-02-08 10:01:36.827000000
455,,Lock Nut 3,LN-6320,,,,,0,0,,,,,0,0,2008-04-30 00:00:00,,,2014-02-08 10:01:36.827000000
456,,Lock Nut 14,LN-7161,,,,,0,0,,,,,0,0,2008-04-30 00:00:00,,,2014-02-08 10:01:36.827000000
457,,Lock Nut 15,LN-7162,,,,,0,0,,,,,0,0,2008-04-30 00:00:00,,,2014-02-08 10:01:36.827000000
458,,Lock Nut 4,LN-8320,,,,,0,0,,,,,0,0,2008-04-30 00:00:00,,,2014-02-08 10:01:36.827000000
459,,Lock Nut 19,LN-9080,,,,,0,0,,,,,0,0,2008-04-30 00:00:00,,,2014-02-08 10:01:36.827000000
460,,Lock Nut 18,LN-9161,,,,,0,0,,,,,0,0,2008-04-30 00:00:00,,,2014-02-08 10:01:36.827000000
461,,Lock Ring,LR-2398,,,,Silver,0,0,,,,,0,0,2008-04-30 00:00:00,,,2014-02-08 10:01:36.827000000
462,,Lower Head Race,LR-8520,,,,,0,0,,,,,0,0,2008-04-30 00:00:00,,,2014-02-08 10:01:36.827000000
463,,Lock Washer 4,LW-1000,,,,,0,0,,,,,0,0,2008-04-30 00:00:00,,,2014-02-08 10:01:36.827000000
464,,Lock Washer 5,LW-1200,,,,,0,0,,,,,0,0,2008-04-30 00:00:00,,,2014-02-08 10:01:36.827000000
465,,Lock Washer 10,LW-1201,,,,,0,0,,,,,0,0,2008-04-30 00:00:00,,,2014-02-08 10:01:36.827000000
466,,Lock Washer 6,LW-1400,,,,,0,0,,,,,0,0,2008-04-30 00:00:00,,,2014-02-08 10:01:36.827000000
467,,Lock Washer 13,LW-3400,,,,,0,0,,,,,0,0,2008-04-30 00:00:00,,,2014-02-08 10:01:36.827000000
468,,Lock Washer 8,LW-3800,,,,,0,0,,,,,0,0,2008-04-30 00:00:00,,,2014-02-08 10:01:36.827000000
469,,Lock Washer 1,LW-4000,,,,,0,0,,,,,0,0,2008-04-30 00:00:00,,,2014-02-08 10:01:36.827000000
470,,Lock Washer 7,LW-5160,,,,,0,0,,,,,0,0,2008-04-30 00:00:00,,,2014-02-08 10:01:36.827000000
471,,Lock Washer 12,LW-5800,,,,,0,0,,,,,0,0,2008-04-30 00:00:00,,,2014-02-08 10:01:36.827000000
472,,Lock Washer 2,LW-6000,,,,,0,0,,,,,0,0,2008-04-30 00:00:00,,,2014-02-08 10:01:36.827000000
473,,Lock Washer 9,LW-7160,,,,,0,0,,,,,0,0,2008-04-30 00:00:00,,,2014-02-08 10:01:36.827000000
474,,Lock Washer 3,LW-8000,,,,,0,0,,,,,0,0,2008-04-30 00:00:00,,,2014-02-08 10:01:36.827000000
475,,Lock Washer 11,LW-9160,,,,,0,0,,,,,0,0,2008-04-30 00:00:00,,,2014-02-08 10:01:36.827000000
476,,Metal Angle,MA-7075,,,,,0,0,,,,,0,0,2008-04-30 00:00:00,,,2014-02-08 10:01:36.827000000
477,,Metal Bar 1,MB-2024,,,,,0,0,,,,,0,0,2008-04-30 00:00:00,,,2014-02-08 10:01:36.827000000
478,,Metal Bar 2,MB-6061,,,,,0,0,,,,,0,0,2008-04-30 00:00:00,,,2014-02-08 10:01:36.827000000
479,,Metal Plate 2,MP-2066,,,,,0,0,,,,,0,0,2008-04-30 00:00:00,,,2014-02-08 10:01:36.827000000
480,,Metal Plate 1,MP-2503,,,,,0,0,,,,,0,0,2008-04-30 00:00:00,,,2014-02-08 10:01:36.827000000
481,,Metal Plate 3,MP-4960,,,,,0,0,,,,,0,0,2008-04-30 00:00:00,,,2014-02-08 10:01:36.827000000
482,,Metal Sheet 2,MS-0253,,,,,0,0,,,,,0,0,2008-04-30 00:00:00,,,2014-02-08 10:01:36.827000000
483,,Metal Sheet 3,MS-1256,,,,,0,0,,,,,0,0,2008-04-30 00:00:00,,,2014-02-08 10:01:36.827000000
484,,Metal Sheet 7,MS-1981,,,,,0,0,,,,,0,0,2008-04-30 00:00:00,,,2014-02-08 10:01:36.827000000
485,,Metal Sheet 4,MS-2259,,,,,0,0,,,,,0,0,2008-04-30 00:00:00,,,2014-02-08 10:01:36.827000000
486,,Metal Sheet 5,MS-2341,,,,,0,0,,,,,0,0,2008-04-30 00:00:00,,,2014-02-08 10:01:36.827000000
487,,Metal Sheet 6,MS-2348,,,,,0,0,,,,,0,0,2008-04-30 00:00:00,,,2014-02-08 10:01:36.827000000
488,,Metal Sheet 1,MS-6061,,,,,0,0,,,,,0,0,2008-04-30 00:00:00,,,2014-02-08 10:01:36.827000000
489,,Metal Tread Plate,MT-1000,,,,,0,0,,,,,0,0,2008-04-30 00:00:00,,,2014-02-08 10:01:36.827000000
490,,LL Nipple,NI-4127,,L ,,,0,0,,,,,0,0,2008-04-30 00:00:00,,,2014-02-08 10:01:36.827000000
491,,HL Nipple,NI-9522,,,,,0,0,,,,,0,0,2008-04-30 00:00:00,,,2014-02-08 10:01:36.827000000
492,,Paint - Black,PA-187B,,,,,0,0,,,,,0,0,2008-04-30 00:00:00,,,2014-02-08 10:01:36.827000000
493,,Paint - Red,PA-361R,,,,,0,0,,,,,0,0,2008-04-30 00:00:00,,,2014-02-08 10:01:36.827000000
494,,Paint - Silver,PA-529S,,,,,0,0,,,,,0,0,2008-04-30 00:00:00,,,2014-02-08 10:01:36.827000000
495,,Paint - Blue,PA-632U,,,,,0,0,,,,,0,0,2008-04-30 00:00:00,,,2014-02-08 10:01:36.827000000
496,,Paint - Yellow,PA-823Y,,,,,0,0,,,,,0,0,2008-04-30 00:00:00,,,2014-02-08 10:01:36.827000000
497,,Pinch Bolt,PB-6109,,,,,0,0,,,,,0,0,2008-04-30 00:00:00,,,2014-02-08 10:01:36.827000000
504,,Cup-Shaped Race,RA-2345,,,,,0,0,,,,,0,0,2008-04-30 00:00:00,,,2014-02-08 10:01:36.827000000
505,,Cone-Shaped Race,RA-7490,,,,,0,0,,,,,0,0,2008-04-30 00:00:00,,,2014-02-08 10:01:36.827000000
506,,Reflector,RF-9198,,,,,0,0,,,,,0,0,2008-04-30 00:00:00,,,2014-02-08 10:01:36.827000000
507,,LL Mountain Rim,RM-M464,,L ,,,0,0,,,435.00,G  ,0,0,2008-04-30 00:00:00,,,2014-02-08 10:01:36.827000000
508,,ML Mountain Rim,RM-M692,,M ,,,0,0,,,450.00,G  ,0,0,2008-04-30 00:00:00,,,2014-02-08 10:01:36.827000000
509,,HL Mountain Rim,RM-M823,,,,,0,0,,,400.00,G  ,0,0,2008-04-30 00:00:00,,,2014-02-08 10:01:36.827000000
510,,LL Road Rim,RM-R436,,L ,,,0,0,,,445.00,G  ,0,0,2008-04-30 00:00:00,,,2014-02-08 10:01:36.827000000
511,,ML Road Rim,RM-R600,,M ,,,0,0,,,450.00,G  ,0,0,2008-04-30 00:00:00,,,2014-02-08 10:01:36.827000000
512,,HL Road Rim,RM-R800,,,,,0,0,,,400.00,G  ,0,0,2008-04-30 00:00:00,,,2014-02-08 10:01:36.827000000
513,,Touring Rim,RM-T801,,,,,0,0,,,460.00,G  ,0,0,2008-04-30 00:00:00,,,2014-02-08 10:01:36.827000000
514,,LL Mountain Seat Assembly,SA-M198,,L ,,,98.77,133.34,,,,,1,0,2008-04-30 00:00:00,,,2014-02-08 10:01:36.827000000
515,,ML Mountain Seat Assembly,SA-M237,,M ,,,108.99,147.14,,,,,1,0,2008-04-30 00:00:00,,,2014-02-08 10:01:36.827000000
516,,HL Mountain Seat Assembly,SA-M687,,,,,145.87,196.92,,,,,1,0,2008-04-30 00:00:00,,,2014-02-08 10:01:36.827000000
517,,LL Road Seat Assembly,SA-R127,,L ,,,98.77,133.34,,,,,1,0,2008-04-30 00:00:00,,,2014-02-08 10:01:36.827000000
518,,ML Road Seat Assembly,SA-R430,,M ,,,108.99,147.14,,,,,1,0,2008-04-30 00:00:00,,,2014-02-08 10:01:36.827000000
519,,HL Road Seat Assembly,SA-R522,,,,,145.87,196.92,,,,,1,0,2008-04-30 00:00:00,,,2014-02-08 10:01:36.827000000
520,,LL Touring Seat Assembly,SA-T467,,L ,,,98.77,133.34,,,,,1,0,2008-04-30 00:00:00,,,2014-02-08 10:01:36.827000000
521,,ML Touring Seat Assembly,SA-T612,,M ,,,108.99,147.14,,,,,1,0,2008-04-30 00:00:00,,,2014-02-08 10:01:36.827000000
522,,HL Touring Seat Assembly,SA-T872,,,,,145.87,196.92,,,,,1,0,2008-04-30 00:00:00,,,2014-02-08 10:01:36.827000000
523,,LL Spindle/Axle,SD-2342,,L ,,,0,0,,,,,0,0,2008-04-30 00:00:00,,,2014-02-08 10:01:36.827000000
524,,HL Spindle/Axle,SD-9872,,,,,0,0,,,,,0,0,2008-04-30 00:00:00,,,2014-02-08 10:01:36.827000000
525,,LL Shell,SH-4562,,L ,,,0,0,,,,,0,0,2008-04-30 00:00:00,,,2014-02-08 10:01:36.827000000
526,,HL Shell,SH-9312,,,,,0,0,,,,,0,0,2008-04-30 00:00:00,,,2014-02-08 10:01:36.827000000
527,,Spokes,SK-9283,,,,,0,0,,,,,0,0,2008-04-30 00:00:00,,,2014-02-08 10:01:36.827000000
528,,Seat Lug,SL-0931,,,,,0,0,,,,,0,0,2008-04-30 00:00:00,,,2014-02-08 10:01:36.827000000
529,,Stem,SM-9087,,,,,0,0,,,,,1,0,2008-04-30 00:00:00,,,2014-02-08 10:01:36.827000000
530,,Seat Post,SP-2981,,,,,0,0,,,,,0,0,2008-04-30 00:00:00,,,2014-02-08 10:01:36.827000000
531,,Steerer,SR-2098,,,,,0,0,,,,,1,0,2008-04-30 00:00:00,,,2014-02-08 10:01:36.827000000
532,,Seat Stays,SS-2985,,,,,0,0,,,,,1,0,2008-04-30 00:00:00,,,2014-02-08 10:01:36.827000000
533,,Seat Tube,ST-9828,,,,,0,0,,,,,1,0,2008-04-30 00:00:00,,,2014-02-08 10:01:36.827000000
534,,Top Tube,TO-2301,,,,,0,0,,,,,1,0,2008-04-30 00:00:00,,,2014-02-08 10:01:36.827000000
535,,Tension Pulley,TP-0923,,,,,0,0,,,,,0,0,2008-04-30 00:00:00,,,2014-02-08 10:01:36.827000000
679,,Rear Derailleur Cage,RC-0291,,,,Silver,0,0,,,,,0,0,2008-04-30 00:00:00,,,2014-02-08 10:01:36.827000000
680,14,"HL Road Frame - Black, 58",FR-R92B-58,R ,H ,U ,Black,1059.31,1431.5,58,CM ,2.24,LB ,1,1,2008-04-30 00:00:00,,,2014-02-08 10:01:36.827000000
706,14,"HL Road Frame - Red, 58",FR-R92R-58,R ,H ,U ,Red,1059.31,1431.5,58,CM ,2.24,LB ,1,1,2008-04-30 00:00:00,,,2014-02-08 10:01:36.827000000
707,31,"Sport-100 Helmet, Red",HL-U509-R,S ,,,Red,13.0863,34.99,,,,,0,1,2011-05-31 00:00:00,,,2014-02-08 10:01:36.827000000
708,31,"Sport-100 Helmet, Black",HL-U509,S ,,,Black,13.0863,34.99,,,,,0,1,2011-05-31 00:00:00,,,2014-02-08 10:01:36.827000000
709,23,"Mountain Bike Socks, M",SO-B909-M,M ,,U ,White,3.3963,9.5,M,,,,0,1,2011-05-31 00:00:00,2012-05-29 00:00:00,,2014-02-08 10:01:36.827000000
710,23,"Mountain Bike Socks, L",SO-B909-L,M ,,U ,White,3.3963,9.5,L,,,,0,1,2011-05-31 00:00:00,2012-05-29 00:00:00,,2014-02-08 10:01:36.827000000
711,31,"Sport-100 Helmet, Blue",HL-U509-B,S ,,,Blue,13.0863,34.99,,,,,0,1,2011-05-31 00:00:00,,,2014-02-08 10:01:36.827000000
712,19,AWC Logo Cap,CA-1098,S ,,U ,Multi,6.9223,8.99,,,,,0,1,2011-05-31 00:00:00,,,2014-02-08 10:01:36.827000000
713,21,"Long-Sleeve Logo Jersey, S",LJ-0192-S,S ,,U ,Multi,38.4923,49.99,S,,,,0,1,2011-05-31 00:00:00,,,2014-02-08 10:01:36.827000000
714,21,"Long-Sleeve Logo Jersey, M",LJ-0192-M,S ,,U ,Multi,38.4923,49.99,M,,,,0,1,2011-05-31 00:00:00,,,2014-02-08 10:01:36.827000000
715,21,"Long-Sleeve Logo Jersey, L",LJ-0192-L,S ,,U ,Multi,38.4923,49.99,L,,,,0,1,2011-05-31 00:00:00,,,2014-02-08 10:01:36.827000000
716,21,"Long-Sleeve Logo Jersey, XL",LJ-0192-X,S ,,U ,Multi,38.4923,49.99,XL,,,,0,1,2011-05-31 00:00:00,,,2014-02-08 10:01:36.827000000
717,14,"HL Road Frame - Red, 62",FR-R92R-62,R ,H ,U ,Red,868.6342,1431.5,62,CM ,2.30,LB ,1,1,2011-05-31 00:00:00,,,2014-02-08 10:01:36.827000000
718,14,"HL Road Frame - Red, 44",FR-R92R-44,R ,H ,U ,Red,868.6342,1431.5,44,CM ,2.12,LB ,1,1,2011-05-31 00:00:00,,,2014-02-08 10:01:36.827000000
719,14,"HL Road Frame - Red, 48",FR-R92R-48,R ,H ,U ,Red,868.6342,1431.5,48,CM ,2.16,LB ,1,1,2011-05-31 00:00:00,,,2014-02-08 10:01:36.827000000
720,14,"HL Road Frame - Red, 52",FR-R92R-52,R ,H ,U ,Red,868.6342,1431.5,52,CM ,2.20,LB ,1,1,2011-05-31 00:00:00,,,2014-02-08 10:01:36.827000000
721,14,"HL Road Frame - Red, 56",FR-R92R-56,R ,H ,U ,Red,868.6342,1431.5,56,CM ,2.24,LB ,1,1,2011-05-31 00:00:00,,,2014-02-08 10:01:36.827000000
722,14,"LL Road Frame - Black, 58",FR-R38B-58,R ,L ,U ,Black,204.6251,337.22,58,CM ,2.46,LB ,1,1,2011-05-31 00:00:00,,,2014-02-08 10:01:36.827000000
723,14,"LL Road Frame - Black, 60",FR-R38B-60,R ,L ,U ,Black,204.6251,337.22,60,CM ,2.48,LB ,1,1,2011-05-31 00:00:00,,,2014-02-08 10:01:36.827000000
724,14,"LL Road Frame - Black, 62",FR-R38B-62,R ,L ,U ,Black,204.6251,337.22,62,CM ,2.50,LB ,1,1,2011-05-31 00:00:00,,,2014-02-08 10:01:36.827000000
725,14,"LL Road Frame - Red, 44",FR-R38R-44,R ,L ,U ,Red,187.1571,337.22,44,CM ,2.32,LB ,1,1,2011-05-31 00:00:00,2013-05-29 00:00:00,,2014-02-08 10:01:36.827000000
726,14,"LL Road Frame - Red, 48",FR-R38R-48,R ,L ,U ,Red,187.1571,337.22,48,CM ,2.36,LB ,1,1,2011-05-31 00:00:00,2013-05-29 00:00:00,,2014-02-08 10:01:36.827000000
727,14,"LL Road Frame - Red, 52",FR-R38R-52,R ,L ,U ,Red,187.1571,337.22,52,CM ,2.40,LB ,1,1,2011-05-31 00:00:00,2013-05-29 00:00:00,,2014-02-08 10:01:36.827000000
728,14,"LL Road Frame - Red, 58",FR-R38R-58,R ,L ,U ,Red,187.1571,337.22,58,CM ,2.46,LB ,1,1,2011-05-31 00:00:00,2013-05-29 00:00:00,,2014-02-08 10:01:36.827000000
729,14,"LL Road Frame - Red, 60",FR-R38R-60,R ,L ,U ,Red,187.1571,337.22,60,CM ,2.48,LB ,1,1,2011-05-31 00:00:00,2013-05-29 00:00:00,,2014-02-08 10:01:36.827000000
730,14,"LL Road Frame - Red, 62",FR-R38R-62,R ,L ,U ,Red,187.1571,337.22,62,CM ,2.50,LB ,1,1,2011-05-31 00:00:00,2013-05-29 00:00:00,,2014-02-08 10:01:36.827000000
731,14,"ML Road Frame - Red, 44",FR-R72R-44,R ,M ,U ,Red,352.1394,594.83,44,CM ,2.22,LB ,1,1,2011-05-31 00:00:00,2012-05-29 00:00:00,,2014-02-08 10:01:36.827000000
732,14,"ML Road Frame - Red, 48",FR-R72R-48,R ,M ,U ,Red,352.1394,594.83,48,CM ,2.26,LB ,1,1,2011-05-31 00:00:00,2012-05-29 00:00:00,,2014-02-08 10:01:36.827000000
733,14,"ML Road Frame - Red, 52",FR-R72R-52,R ,M ,U ,Red,352.1394,594.83,52,CM ,2.30,LB ,1,1,2011-05-31 00:00:00,2012-05-29 00:00:00,,2014-02-08 10:01:36.827000000
734,14,"ML Road Frame - Red, 58",FR-R72R-58,R ,M ,U ,Red,352.1394,594.83,58,CM ,2.36,LB ,1,1,2011-05-31 00:00:00,2012-05-29 00:00:00,,2014-02-08 10:01:36.827000000
735,14,"ML Road Frame - Red, 60",FR-R72R-60,R ,M ,U ,Red,352.1394,594.83,60,CM ,2.38,LB ,1,1,2011-05-31 00:00:00,2012-05-29 00:00:00,,2014-02-08 10:01:36.827000000
736,14,"LL Road Frame - Black, 44",FR-R38B-44,R ,L ,U ,Black,204.6251,337.22,44,CM ,2.32,LB ,1,1,2011-05-31 00:00:00,,,2014-02-08 10:01:36.827000000
737,14,"LL Road Frame - Black, 48",FR-R38B-48,R ,L ,U ,Black,204.6251,337.22,48,CM ,2.36,LB ,1,1,2011-05-31 00:00:00,,,2014-02-08 10:01:36.827000000
738,14,"LL Road Frame - Black, 52",FR-R38B-52,R ,L ,U ,Black,204.6251,337.22,52,CM ,2.40,LB ,1,1,2011-05-31 00:00:00,,,2014-02-08 10:01:36.827000000
739,12,"HL Mountain Frame - Silver, 42",FR-M94S-42,M ,H ,U ,Silver,747.2002,1364.5,42,CM ,2.72,LB ,1,1,2011-05-31 00:00:00,,,2014-02-08 10:01:36.827000000
740,12,"HL Mountain Frame - Silver, 44",FR-M94S-44,M ,H ,U ,Silver,706.811,1364.5,44,CM ,2.76,LB ,1,1,2011-05-31 00:00:00,2012-05-29 00:00:00,,2014-02-08 10:01:36.827000000
741,12,"HL Mountain Frame - Silver, 48",FR-M94S-52,M ,H ,U ,Silver,706.811,1364.5,48,CM ,2.80,LB ,1,1,2011-05-31 00:00:00,2012-05-29 00:00:00,,2014-02-08 10:01:36.827000000
742,12,"HL Mountain Frame - Silver, 46",FR-M94S-46,M ,H ,U ,Silver,747.2002,1364.5,46,CM ,2.84,LB ,1,1,2011-05-31 00:00:00,,,2014-02-08 10:01:36.827000000
743,12,"HL Mountain Frame - Black, 42",FR-M94B-42,M ,H ,U ,Black,739.041,1349.6,42,CM ,2.72,LB ,1,1,2011-05-31 00:00:00,,,2014-02-08 10:01:36.827000000
744,12,"HL Mountain Frame - Black, 44",FR-M94B-44,M ,H ,U ,Black,699.0928,1349.6,44,CM ,2.76,LB ,1,1,2011-05-31 00:00:00,2012-05-29 00:00:00,,2014-02-08 10:01:36.827000000
745,12,"HL Mountain Frame - Black, 48",FR-M94B-48,M ,H ,U ,Black,699.0928,1349.6,48,CM ,2.80,LB ,1,1,2011-05-31 00:00:00,2012-05-29 00:00:00,,2014-02-08 10:01:36.827000000
746,12,"HL Mountain Frame - Black, 46",FR-M94B-46,M ,H ,U ,Black,739.041,1349.6,46,CM ,2.84,LB ,1,1,2011-05-31 00:00:00,,,2014-02-08 10:01:36.827000000
747,12,"HL Mountain Frame - Black, 38",FR-M94B-38,M ,H ,U ,Black,739.041,1349.6,38,CM ,2.68,LB ,1,1,2011-05-31 00:00:00,,,2014-02-08 10:01:36.827000000
748,12,"HL Mountain Frame - Silver, 38",FR-M94S-38,M ,H ,U ,Silver,747.2002,1364.5,38,CM ,2.68,LB ,1,1,2011-05-31 00:00:00,,,2014-02-08 10:01:36.827000000
749,2,"Road-150 Red, 62",BK-R93R-62,R ,H ,U ,Red,2171.2942,3578.27,62,CM ,15.00,LB ,1,1,2011-05-31 00:00:00,2012-05-29 00:00:00,,2014-02-08 10:01:36.827000000
750,2,"Road-150 Red, 44",BK-R93R-44,R ,H ,U ,Red,2171.2942,3578.27,44,CM ,13.77,LB ,1,1,2011-05-31 00:00:00,2012-05-29 00:00:00,,2014-02-08 10:01:36.827000000
751,2,"Road-150 Red, 48",BK-R93R-48,R ,H ,U ,Red,2171.2942,3578.27,48,CM ,14.13,LB ,1,1,2011-05-31 00:00:00,2012-05-29 00:00:00,,2014-02-08 10:01:36.827000000
752,2,"Road-150 Red, 52",BK-R93R-52,R ,H ,U ,Red,2171.2942,3578.27,52,CM ,14.42,LB ,1,1,2011-05-31 00:00:00,2012-05-29 00:00:00,,2014-02-08 10:01:36.827000000
753,2,"Road-150 Red, 56",BK-R93R-56,R ,H ,U ,Red,2171.2942,3578.27,56,CM ,14.68,LB ,1,1,2011-05-31 00:00:00,2012-05-29 00:00:00,,2014-02-08 10:01:36.827000000
754,2,"Road-450 Red, 58",BK-R68R-58,R ,M ,U ,Red,884.7083,1457.99,58,CM ,17.79,LB ,1,1,2011-05-31 00:00:00,2012-05-29 00:00:00,,2014-02-08 10:01:36.827000000
755,2,"Road-450 Red, 60",BK-R68R-60,R ,M ,U ,Red,884.7083,1457.99,60,CM ,17.90,LB ,1,1,2011-05-31 00:00:00,2012-05-29 00:00:00,,2014-02-08 10:01:36.827000000
756,2,"Road-450 Red, 44",BK-R68R-44,R ,M ,U ,Red,884.7083,1457.99,44,CM ,16.77,LB ,1,1,2011-05-31 00:00:00,2012-05-29 00:00:00,,2014-02-08 10:01:36.827000000
757,2,"Road-450 Red, 48",BK-R68R-48,R ,M ,U ,Red,884.7083,1457.99,48,CM ,17.13,LB ,1,1,2011-05-31 00:00:00,2012-05-29 00:00:00,,2014-02-08 10:01:36.827000000
758,2,"Road-450 Red, 52",BK-R68R-52,R ,M ,U ,Red,884.7083,1457.99,52,CM ,17.42,LB ,1,1,2011-05-31 00:00:00,2012-05-29 00:00:00,,2014-02-08 10:01:36.827000000
759,2,"Road-650 Red, 58",BK-R50R-58,R ,L ,U ,Red,486.7066,782.99,58,CM ,19.79,LB ,1,1,2011-05-31 00:00:00,2013-05-29 00:00:00,,2014-02-08 10:01:36.827000000
760,2,"Road-650 Red, 60",BK-R50R-60,R ,L ,U ,Red,486.7066,782.99,60,CM ,19.90,LB ,1,1,2011-05-31 00:00:00,2013-05-29 00:00:00,,2014-02-08 10:01:36.827000000
761,2,"Road-650 Red, 62",BK-R50R-62,R ,L ,U ,Red,486.7066,782.99,62,CM ,20.00,LB ,1,1,2011-05-31 00:00:00,2013-05-29 00:00:00,,2014-02-08 10:01:36.827000000
762,2,"Road-650 Red, 44",BK-R50R-44,R ,L ,U ,Red,486.7066,782.99,44,CM ,18.77,LB ,1,1,2011-05-31 00:00:00,2013-05-29 00:00:00,,2014-02-08 10:01:36.827000000
763,2,"Road-650 Red, 48",BK-R50R-48,R ,L ,U ,Red,486.7066,782.99,48,CM ,19.13,LB ,1,1,2011-05-31 00:00:00,2013-05-29 00:00:00,,2014-02-08 10:01:36.827000000
764,2,"Road-650 Red, 52",BK-R50R-52,R ,L ,U ,Red,486.7066,782.99,52,CM ,19.42,LB ,1,1,2011-05-31 00:00:00,2013-05-29 00:00:00,,2014-02-08 10:01:36.827000000
765,2,"Road-650 Black, 58",BK-R50B-58,R ,L ,U ,Black,486.7066,782.99,58,CM ,19.79,LB ,1,1,2011-05-31 00:00:00,2013-05-29 00:00:00,,2014-02-08 10:01:36.827000000
766,2,"Road-650 Black, 60",BK-R50B-60,R ,L ,U ,Black,486.7066,782.99,60,CM ,19.90,LB ,1,1,2011-05-31 00:00:00,2013-05-29 00:00:00,,2014-02-08 10:01:36.827000000
767,2,"Road-650 Black, 62",BK-R50B-62,R ,L ,U ,Black,486.7066,782.99,62,CM ,20.00,LB ,1,1,2011-05-31 00:00:00,2013-05-29 00:00:00,,2014-02-08 10:01:36.827000000
768,2,"Road-650 Black, 44",BK-R50B-44,R ,L ,U ,Black,486.7066,782.99,44,CM ,18.77,LB ,1,1,2011-05-31 00:00:00,2013-05-29 00:00:00,,2014-02-08 10:01:36.827000000
769,2,"Road-650 Black, 48",BK-R50B-48,R ,L ,U ,Black,486.7066,782.99,48,CM ,19.13,LB ,1,1,2011-05-31 00:00:00,2013-05-29 00:00:00,,2014-02-08 10:01:36.827000000
770,2,"Road-650 Black, 52",BK-R50B-52,R ,L ,U ,Black,486.7066,782.99,52,CM ,19.42,LB ,1,1,2011-05-31 00:00:00,2013-05-29 00:00:00,,2014-02-08 10:01:36.827000000
771,1,"Mountain-100 Silver, 38",BK-M82S-38,M ,H ,U ,Silver,1912.1544,3399.99,38,CM ,20.35,LB ,1,1,2011-05-31 00:00:00,2012-05-29 00:00:00,,2014-02-08 10:01:36.827000000
772,1,"Mountain-100 Silver, 42",BK-M82S-42,M ,H ,U ,Silver,1912.1544,3399.99,42,CM ,20.77,LB ,1,1,2011-05-31 00:00:00,2012-05-29 00:00:00,,2014-02-08 10:01:36.827000000
773,1,"Mountain-100 Silver, 44",BK-M82S-44,M ,H ,U ,Silver,1912.1544,3399.99,44,CM ,21.13,LB ,1,1,2011-05-31 00:00:00,2012-05-29 00:00:00,,2014-02-08 10:01:36.827000000
774,1,"Mountain-100 Silver, 48",BK-M82S-48,M ,H ,U ,Silver,1912.1544,3399.99,48,CM ,21.42,LB ,1,1,2011-05-31 00:00:00,2012-05-29 00:00:00,,2014-02-08 10:01:36.827000000
775,1,"Mountain-100 Black, 38",BK-M82B-38,M ,H ,U ,Black,1898.0944,3374.99,38,CM ,20.35,LB ,1,1,2011-05-31 00:00:00,2012-05-29 00:00:00,,2014-02-08 10:01:36.827000000
776,1,"Mountain-100 Black, 42",BK-M82B-42,M ,H ,U ,Black,1898.0944,3374.99,42,CM ,20.77,LB ,1,1,2011-05-31 00:00:00,2012-05-29 00:00:00,,2014-02-08 10:01:36.827000000
777,1,"Mountain-100 Black, 44",BK-M82B-44,M ,H ,U ,Black,1898.0944,3374.99,44,CM ,21.13,LB ,1,1,2011-05-31 00:00:00,2012-05-29 00:00:00,,2014-02-08 10:01:36.827000000
778,1,"Mountain-100 Black, 48",BK-M82B-48,M ,H ,U ,Black,1898.0944,3374.99,48,CM ,21.42,LB ,1,1,2011-05-31 00:00:00,2012-05-29 00:00:00,,2014-02-08 10:01:36.827000000
779,1,"Mountain-200 Silver, 38",BK-M68S-38,M ,H ,U ,Silver,1265.6195,2319.99,38,CM ,23.35,LB ,1,1,2012-05-30 00:00:00,,,2014-02-08 10:01:36.827000000
780,1,"Mountain-200 Silver, 42",BK-M68S-42,M ,H ,U ,Silver,1265.6195,2319.99,42,CM ,23.77,LB ,1,1,2012-05-30 00:00:00,,,2014-02-08 10:01:36.827000000
781,1,"Mountain-200 Silver, 46",BK-M68S-46,M ,H ,U ,Silver,1265.6195,2319.99,46,CM ,24.13,LB ,1,1,2012-05-30 00:00:00,,,2014-02-08 10:01:36.827000000
782,1,"Mountain-200 Black, 38",BK-M68B-38,M ,H ,U ,Black,1251.9813,2294.99,38,CM ,23.35,LB ,1,1,2012-05-30 00:00:00,,,2014-02-08 10:01:36.827000000
783,1,"Mountain-200 Black, 42",BK-M68B-42,M ,H ,U ,Black,1251.9813,2294.99,42,CM ,23.77,LB ,1,1,2012-05-30 00:00:00,,,2014-02-08 10:01:36.827000000
784,1,"Mountain-200 Black, 46",BK-M68B-46,M ,H ,U ,Black,1251.9813,2294.99,46,CM ,24.13,LB ,1,1,2012-05-30 00:00:00,,,2014-02-08 10:01:36.827000000
785,1,"Mountain-300 Black, 38",BK-M47B-38,M ,M ,U ,Black,598.4354,1079.99,38,CM ,25.35,LB ,1,1,2012-05-30 00:00:00,2013-05-29 00:00:00,,2014-02-08 10:01:36.827000000
786,1,"Mountain-300 Black, 40",BK-M47B-40,M ,M ,U ,Black,598.4354,1079.99,40,CM ,25.77,LB ,1,1,2012-05-30 00:00:00,2013-05-29 00:00:00,,2014-02-08 10:01:36.827000000
787,1,"Mountain-300 Black, 44",BK-M47B-44,M ,M ,U ,Black,598.4354,1079.99,44,CM ,26.13,LB ,1,1,2012-05-30 00:00:00,2013-05-29 00:00:00,,2014-02-08 10:01:36.827000000
788,1,"Mountain-300 Black, 48",BK-M47B-48,M ,M ,U ,Black,598.4354,1079.99,48,CM ,26.42,LB ,1,1,2012-05-30 00:00:00,2013-05-29 00:00:00,,2014-02-08 10:01:36.827000000
789,2,"Road-250 Red, 44",BK-R89R-44,R ,H ,U ,Red,1518.7864,2443.35,44,CM ,14.77,LB ,1,1,2012-05-30 00:00:00,2013-05-29 00:00:00,,2014-02-08 10:01:36.827000000
790,2,"Road-250 Red, 48",BK-R89R-48,R ,H ,U ,Red,1518.7864,2443.35,48,CM ,15.13,LB ,1,1,2012-05-30 00:00:00,2013-05-29 00:00:00,,2014-02-08 10:01:36.827000000
791,2,"Road-250 Red, 52",BK-R89R-52,R ,H ,U ,Red,1518.7864,2443.35,52,CM ,15.42,LB ,1,1,2012-05-30 00:00:00,2013-05-29 00:00:00,,2014-02-08 10:01:36.827000000
792,2,"Road-250 Red, 58",BK-R89R-58,R ,H ,U ,Red,1554.9479,2443.35,58,CM ,15.79,LB ,1,1,2012-05-30 00:00:00,,,2014-02-08 10:01:36.827000000
793,2,"Road-250 Black, 44",BK-R89B-44,R ,H ,U ,Black,1554.9479,2443.35,44,CM ,14.77,LB ,1,1,2012-05-30 00:00:00,,,2014-02-08 10:01:36.827000000
794,2,"Road-250 Black, 48",BK-R89B-48,R ,H ,U ,Black,1554.9479,2443.35,48,CM ,15.13,LB ,1,1,2012-05-30 00:00:00,,,2014-02-08 10:01:36.827000000
795,2,"Road-250 Black, 52",BK-R89B-52,R ,H ,U ,Black,1554.9479,2443.35,52,CM ,15.42,LB ,1,1,2012-05-30 00:00:00,,,2014-02-08 10:01:36.827000000
796,2,"Road-250 Black, 58",BK-R89B-58,R ,H ,U ,Black,1554.9479,2443.35,58,CM ,15.68,LB ,1,1,2012-05-30 00:00:00,,,2014-02-08 10:01:36.827000000
797,2,"Road-550-W Yellow, 38",BK-R64Y-38,R ,M ,W ,Yellow,713.0798,1120.49,38,CM ,17.35,LB ,1,1,2012-05-30 00:00:00,,,2014-02-08 10:01:36.827000000
798,2,"Road-550-W Yellow, 40",BK-R64Y-40,R ,M ,W ,Yellow,713.0798,1120.49,40,CM ,17.77,LB ,1,1,2012-05-30 00:00:00,,,2014-02-08 10:01:36.827000000
799,2,"Road-550-W Yellow, 42",BK-R64Y-42,R ,M ,W ,Yellow,713.0798,1120.49,42,CM ,18.13,LB ,1,1,2012-05-30 00:00:00,,,2014-02-08 10:01:36.827000000
800,2,"Road-550-W Yellow, 44",BK-R64Y-44,R ,M ,W ,Yellow,713.0798,1120.49,44,CM ,18.42,LB ,1,1,2012-05-30 00:00:00,,,2014-02-08 10:01:36.827000000
801,2,"Road-550-W Yellow, 48",BK-R64Y-48,R ,M ,W ,Yellow,713.0798,1120.49,48,CM ,18.68,LB ,1,1,2012-05-30 00:00:00,,,2014-02-08 10:01:36.827000000
802,10,LL Fork,FK-1639,,L ,,,65.8097,148.22,,,,,1,1,2012-05-30 00:00:00,2013-05-29 00:00:00,,2014-02-08 10:01:36.827000000
803,10,ML Fork,FK-5136,,M ,,,77.9176,175.49,,,,,1,1,2012-05-30 00:00:00,2013-05-29 00:00:00,,2014-02-08 10:01:36.827000000
804,10,HL Fork,FK-9939,,H ,,,101.8936,229.49,,,,,1,1,2012-05-30 00:00:00,2013-05-29 00:00:00,,2014-02-08 10:01:36.827000000
805,11,LL Headset,HS-0296,,L ,,,15.1848,34.2,,,,,1,1,2012-05-30 00:00:00,2013-05-29 00:00:00,,2014-02-08 10:01:36.827000000
806,11,ML Headset,HS-2451,,M ,,,45.4168,102.29,,,,,1,1,2012-05-30 00:00:00,2013-05-29 00:00:00,,2014-02-08 10:01:36.827000000
807,11,HL Headset,HS-3479,,H ,,,55.3801,124.73,,,,,1,1,2012-05-30 00:00:00,2013-05-29 00:00:00,,2014-02-08 10:01:36.827000000
808,4,LL Mountain Handlebars,HB-M243,M ,L ,,,19.7758,44.54,,,,,1,1,2012-05-30 00:00:00,,,2014-02-08 10:01:36.827000000
809,4,ML Mountain Handlebars,HB-M763,M ,M ,,,27.4925,61.92,,,,,1,1,2012-05-30 00:00:00,,,2014-02-08 10:01:36.827000000
810,4,HL Mountain Handlebars,HB-M918,M ,H ,,,53.3999,120.27,,,,,1,1,2012-05-30 00:00:00,,,2014-02-08 10:01:36.827000000
811,4,LL Road Handlebars,HB-R504,R ,L ,,,19.7758,44.54,,,,,1,1,2012-05-30 00:00:00,,,2014-02-08 10:01:36.827000000
812,4,ML Road Handlebars,HB-R720,R ,M ,,,27.4925,61.92,,,,,1,1,2012-05-30 00:00:00,,,2014-02-08 10:01:36.827000000
813,4,HL Road Handlebars,HB-R956,R ,H ,,,53.3999,120.27,,,,,1,1,2012-05-30 00:00:00,,,2014-02-08 10:01:36.827000000
814,12,"ML Mountain Frame - Black, 38",FR-M63B-38,M ,M ,U ,Black,185.8193,348.76,38,CM ,2.73,LB ,1,1,2012-05-30 00:00:00,2013-05-29 00:00:00,,2014-02-08 10:01:36.827000000
815,17,LL Mountain Front Wheel,FW-M423,M ,L ,,Black,26.9708,60.745,,,,,1,1,2012-05-30 00:00:00,2013-05-29 00:00:00,,2014-02-08 10:01:36.827000000
816,17,ML Mountain Front Wheel,FW-M762,M ,M ,,Black,92.8071,209.025,,,,,1,1,2012-05-30 00:00:00,2013-05-29 00:00:00,,2014-02-08 10:01:36.827000000
817,17,HL Mountain Front Wheel,FW-M928,M ,H ,,Black,133.2955,300.215,,,,,1,1,2012-05-30 00:00:00,2013-05-29 00:00:00,,2014-02-08 10:01:36.827000000
818,17,LL Road Front Wheel,FW-R623,R ,L ,,Black,37.9909,85.565,,,900.00,G  ,1,1,2012-05-30 00:00:00,2013-05-29 00:00:00,,2014-02-08 10:01:36.827000000
819,17,ML Road Front Wheel,FW-R762,R ,M ,,Black,110.2829,248.385,,,850.00,G  ,1,1,2012-05-30 00:00:00,2013-05-29 00:00:00,,2014-02-08 10:01:36.827000000
820,17,HL Road Front Wheel,FW-R820,R ,H ,,Black,146.5466,330.06,,,650.00,G  ,1,1,2012-05-30 00:00:00,2013-05-29 00:00:00,,2014-02-08 10:01:36.827000000
821,17,Touring Front Wheel,FW-T905,T ,,,Black,96.7964,218.01,,,,,1,1,2012-05-30 00:00:00,2013-05-29 00:00:00,,2014-02-08 10:01:36.827000000
822,14,"ML Road Frame-W - Yellow, 38",FR-R72Y-38,R ,M ,W ,Yellow,360.9428,594.83,38,CM ,2.18,LB ,1,1,2012-05-30 00:00:00,,,2014-02-08 10:01:36.827000000
823,17,LL Mountain Rear Wheel,RW-M423,M ,L ,,Black,38.9588,87.745,,,,,1,1,2012-05-30 00:00:00,2013-05-29 00:00:00,,2014-02-08 10:01:36.827000000
824,17,ML Mountain Rear Wheel,RW-M762,M ,M ,,Black,104.7951,236.025,,,,,1,1,2012-05-30 00:00:00,2013-05-29 00:00:00,,2014-02-08 10:01:36.827000000
825,17,HL Mountain Rear Wheel,RW-M928,M ,H ,,Black,145.2835,327.215,,,,,1,1,2012-05-30 00:00:00,2013-05-29 00:00:00,,2014-02-08 10:01:36.827000000
826,17,LL Road Rear Wheel,RW-R623,R ,L ,,Black,49.9789,112.565,,,1050.00,G  ,1,1,2012-05-30 00:00:00,2013-05-29 00:00:00,,2014-02-08 10:01:36.827000000
827,17,ML Road Rear Wheel,RW-R762,R ,M ,,Black,122.2709,275.385,,,1000.00,G  ,1,1,2012-05-30 00:00:00,2013-05-29 00:00:00,,2014-02-08 10:01:36.827000000
828,17,HL Road Rear Wheel,RW-R820,R ,H ,,Black,158.5346,357.06,,,890.00,G  ,1,1,2012-05-30 00:00:00,2013-05-29 00:00:00,,2014-02-08 10:01:36.827000000
829,17,Touring Rear Wheel,RW-T905,T ,,,Black,108.7844,245.01,,,,,1,1,2012-05-30 00:00:00,2013-05-29 00:00:00,,2014-02-08 10:01:36.827000000
830,12,"ML Mountain Frame - Black, 40",FR-M63B-40,M ,M ,U ,Black,185.8193,348.76,40,CM ,2.77,LB ,1,1,2012-05-30 00:00:00,2013-05-29 00:00:00,,2014-02-08 10:01:36.827000000
831,12,"ML Mountain Frame - Black, 44",FR-M63B-44,M ,M ,U ,Black,185.8193,348.76,44,CM ,2.81,LB ,1,1,2012-05-30 00:00:00,2013-05-29 00:00:00,,2014-02-08 10:01:36.827000000
832,12,"ML Mountain Frame - Black, 48",FR-M63B-48,M ,M ,U ,Black,185.8193,348.76,48,CM ,2.85,LB ,1,1,2012-05-30 00:00:00,2013-05-29 00:00:00,,2014-02-08 10:01:36.827000000
833,14,"ML Road Frame-W - Yellow, 40",FR-R72Y-40,R ,M ,W ,Yellow,360.9428,594.83,40,CM ,2.22,LB ,1,1,2012-05-30 00:00:00,,,2014-02-08 10:01:36.827000000
834,14,"ML Road Frame-W - Yellow, 42",FR-R72Y-42,R ,M ,W ,Yellow,360.9428,594.83,42,CM ,2.26,LB ,1,1,2012-05-30 00:00:00,,,2014-02-08 10:01:36.827000000
835,14,"ML Road Frame-W - Yellow, 44",FR-R72Y-44,R ,M ,W ,Yellow,360.9428,594.83,44,CM ,2.30,LB ,1,1,2012-05-30 00:00:00,,,2014-02-08 10:01:36.827000000
836,14,"ML Road Frame-W - Yellow, 48",FR-R72Y-48,R ,M ,W ,Yellow,360.9428,594.83,48,CM ,2.34,LB ,1,1,2012-05-30 00:00:00,,,2014-02-08 10:01:36.827000000
837,14,"HL Road Frame - Black, 62",FR-R92B-62,R ,H ,U ,Black,868.6342,1431.5,62,CM ,2.30,LB ,1,1,2012-05-30 00:00:00,,,2014-02-08 10:01:36.827000000
838,14,"HL Road Frame - Black, 44",FR-R92B-44,R ,H ,U ,Black,868.6342,1431.5,44,CM ,2.12,LB ,1,1,2012-05-30 00:00:00,,,2014-02-08 10:01:36.827000000
839,14,"HL Road Frame - Black, 48",FR-R92B-48,R ,H ,U ,Black,868.6342,1431.5,48,CM ,2.16,LB ,1,1,2012-05-30 00:00:00,,,2014-02-08 10:01:36.827000000
840,14,"HL Road Frame - Black, 52",FR-R92B-52,R ,H ,U ,Black,868.6342,1431.5,52,CM ,2.20,LB ,1,1,2012-05-30 00:00:00,,,2014-02-08 10:01:36.827000000
841,22,"Men's Sports Shorts, S",SH-M897-S,S ,,M ,Black,24.7459,59.99,S,,,,0,1,2012-05-30 00:00:00,2013-05-29 00:00:00,,2014-02-08 10:01:36.827000000
842,35,"Touring-Panniers, Large",PA-T100,T ,,,Grey,51.5625,125,,,,,0,1,2012-05-30 00:00:00,2013-05-29 00:00:00,,2014-02-08 10:01:36.827000000
843,34,Cable Lock,LO-C100,S ,,,,10.3125,25,,,,,0,1,2012-05-30 00:00:00,2013-05-29 00:00:00,,2014-02-08 10:01:36.827000000
844,36,Minipump,PU-0452,S ,,,,8.2459,19.99,,,,,0,1,2012-05-30 00:00:00,2013-05-29 00:00:00,,2014-02-08 10:01:36.827000000
845,36,Mountain Pump,PU-M044,M ,,,,10.3084,24.99,,,,,0,1,2012-05-30 00:00:00,2013-05-29 00:00:00,,2014-02-08 10:01:36.827000000
846,33,Taillights - Battery-Powered,LT-T990,R ,,,,5.7709,13.99,,,,,0,1,2012-05-30 00:00:00,2013-05-29 00:00:00,,2014-02-08 10:01:36.827000000
847,33,Headlights - Dual-Beam,LT-H902,R ,,,,14.4334,34.99,,,,,0,1,2012-05-30 00:00:00,2013-05-29 00:00:00,,2014-02-08 10:01:36.827000000
848,33,Headlights - Weatherproof,LT-H903,R ,,,,18.5584,44.99,,,,,0,1,2012-05-30 00:00:00,2013-05-29 00:00:00,,2014-02-08 10:01:36.827000000
849,22,"Men's Sports Shorts, M",SH-M897-M,S ,,M ,Black,24.7459,59.99,M,,,,0,1,2012-05-30 00:00:00,2013-05-29 00:00:00,,2014-02-08 10:01:36.827000000
850,22,"Men's Sports Shorts, L",SH-M897-L,S ,,M ,Black,24.7459,59.99,L,,,,0,1,2012-05-30 00:00:00,2013-05-29 00:00:00,,2014-02-08 10:01:36.827000000
851,22,"Men's Sports Shorts, XL",SH-M897-X,S ,,M ,Black,24.7459,59.99,XL,,,,0,1,2012-05-30 00:00:00,2013-05-29 00:00:00,,2014-02-08 10:01:36.827000000
852,24,"Women's Tights, S",TG-W091-S,S ,,W ,Black,30.9334,74.99,S,,,,0,1,2012-05-30 00:00:00,2013-05-29 00:00:00,,2014-02-08 10:01:36.827000000
853,24,"Women's Tights, M",TG-W091-M,S ,,W ,Black,30.9334,74.99,M,,,,0,1,2012-05-30 00:00:00,2013-05-29 00:00:00,,2014-02-08 10:01:36.827000000
854,24,"Women's Tights, L",TG-W091-L,S ,,W ,Black,30.9334,74.99,L,,,,0,1,2012-05-30 00:00:00,2013-05-29 00:00:00,,2014-02-08 10:01:36.827000000
855,18,"Men's Bib-Shorts, S",SB-M891-S,S ,,M ,Multi,37.1209,89.99,S,,,,0,1,2012-05-30 00:00:00,2013-05-29 00:00:00,,2014-02-08 10:01:36.827000000
856,18,"Men's Bib-Shorts, M",SB-M891-M,S ,,M ,Multi,37.1209,89.99,M,,,,0,1,2012-05-30 00:00:00,2013-05-29 00:00:00,,2014-02-08 10:01:36.827000000
857,18,"Men's Bib-Shorts, L",SB-M891-L,S ,,M ,Multi,37.1209,89.99,L,,,,0,1,2012-05-30 00:00:00,2013-05-29 00:00:00,,2014-02-08 10:01:36.827000000
858,20,"Half-Finger Gloves, S",GL-H102-S,S ,,U ,Black,9.1593,24.49,S,,,,0,1,2012-05-30 00:00:00,,,2014-02-08 10:01:36.827000000
859,20,"Half-Finger Gloves, M",GL-H102-M,S ,,U ,Black,9.1593,24.49,M,,,,0,1,2012-05-30 00:00:00,,,2014-02-08 10:01:36.827000000
860,20,"Half-Finger Gloves, L",GL-H102-L,S ,,U ,Black,9.1593,24.49,L,,,,0,1,2012-05-30 00:00:00,,,2014-02-08 10:01:36.827000000
861,20,"Full-Finger Gloves, S",GL-F110-S,M ,,U ,Black,15.6709,37.99,S,,,,0,1,2012-05-30 00:00:00,2013-05-29 00:00:00,,2014-02-08 10:01:36.827000000
862,20,"Full-Finger Gloves, M",GL-F110-M,M ,,U ,Black,15.6709,37.99,M,,,,0,1,2012-05-30 00:00:00,2013-05-29 00:00:00,,2014-02-08 10:01:36.827000000
863,20,"Full-Finger Gloves, L",GL-F110-L,M ,,U ,Black,15.6709,37.99,L,,,,0,1,2012-05-30 00:00:00,2013-05-29 00:00:00,,2014-02-08 10:01:36.827000000
864,25,"Classic Vest, S",VE-C304-S,S ,,U ,Blue,23.749,63.5,S,,,,0,1,2013-05-30 00:00:00,,,2014-02-08 10:01:36.827000000
865,25,"Classic Vest, M",VE-C304-M,S ,,U ,Blue,23.749,63.5,M,,,,0,1,2013-05-30 00:00:00,,,2014-02-08 10:01:36.827000000
866,25,"Classic Vest, L",VE-C304-L,S ,,U ,Blue,23.749,63.5,L,,,,0,1,2013-05-30 00:00:00,,,2014-02-08 10:01:36.827000000
867,22,"Women's Mountain Shorts, S",SH-W890-S,M ,,W ,Black,26.1763,69.99,S,,,,0,1,2013-05-30 00:00:00,,,2014-02-08 10:01:36.827000000
868,22,"Women's Mountain Shorts, M",SH-W890-M,M ,,W ,Black,26.1763,69.99,M,,,,0,1,2013-05-30 00:00:00,,,2014-02-08 10:01:36.827000000
869,22,"Women's Mountain Shorts, L",SH-W890-L,M ,,W ,Black,26.1763,69.99,L,,,,0,1,2013-05-30 00:00:00,,,2014-02-08 10:01:36.827000000
870,28,Water Bottle - 30 oz.,WB-H098,S ,,,,1.8663,4.99,,,,,0,1,2013-05-30 00:00:00,,,2014-02-08 10:01:36.827000000
871,28,Mountain Bottle Cage,BC-M005,M ,,,,3.7363,9.99,,,,,0,1,2013-05-30 00:00:00,,,2014-02-08 10:01:36.827000000
872,28,Road Bottle Cage,BC-R205,R ,,,,3.3623,8.99,,,,,0,1,2013-05-30 00:00:00,,,2014-02-08 10:01:36.827000000
873,37,Patch Kit/8 Patches,PK-7098,S ,,,,0.8565,2.29,,,,,0,1,2013-05-30 00:00:00,,,2014-02-08 10:01:36.827000000
874,23,"Racing Socks, M",SO-R809-M,R ,,U ,White,3.3623,8.99,M,,,,0,1,2013-05-30 00:00:00,,,2014-02-08 10:01:36.827000000
875,23,"Racing Socks, L",SO-R809-L,R ,,U ,White,3.3623,8.99,L,,,,0,1,2013-05-30 00:00:00,,,2014-02-08 10:01:36.827000000
876,26,Hitch Rack - 4-Bike,RA-H123,S ,,,,44.88,120,,,,,0,1,2013-05-30 00:00:00,,,2014-02-08 10:01:36.827000000
877,29,Bike Wash - Dissolver,CL-9009,S ,,,,2.9733,7.95,,,,,0,1,2013-05-30 00:00:00,,,2014-02-08 10:01:36.827000000
878,30,Fender Set - Mountain,FE-6654,M ,,,,8.2205,21.98,,,,,0,1,2013-05-30 00:00:00,,,2014-02-08 10:01:36.827000000
879,27,All-Purpose Bike Stand,ST-1401,M ,,,,59.466,159,,,,,0,1,2013-05-30 00:00:00,,,2014-02-08 10:01:36.827000000
880,32,Hydration Pack - 70 oz.,HY-1023-70,S ,,,Silver,20.5663,54.99,70,,,,0,1,2013-05-30 00:00:00,,,2014-02-08 10:01:36.827000000
881,21,"Short-Sleeve Classic Jersey, S",SJ-0194-S,S ,,U ,Yellow,41.5723,53.99,S,,,,0,1,2013-05-30 00:00:00,,,2014-02-08 10:01:36.827000000
882,21,"Short-Sleeve Classic Jersey, M",SJ-0194-M,S ,,U ,Yellow,41.5723,53.99,M,,,,0,1,2013-05-30 00:00:00,,,2014-02-08 10:01:36.827000000
883,21,"Short-Sleeve Classic Jersey, L",SJ-0194-L,S ,,U ,Yellow,41.5723,53.99,L,,,,0,1,2013-05-30 00:00:00,,,2014-02-08 10:01:36.827000000
884,21,"Short-Sleeve Classic Jersey, XL",SJ-0194-X,S ,,U ,Yellow,41.5723,53.99,XL,,,,0,1,2013-05-30 00:00:00,,,2014-02-08 10:01:36.827000000
885,16,"HL Touring Frame - Yellow, 60",FR-T98Y-60,T ,H ,U ,Yellow,601.7437,1003.91,60,CM ,3.08,LB ,1,1,2013-05-30 00:00:00,,,2014-02-08 10:01:36.827000000
886,16,"LL Touring Frame - Yellow, 62",FR-T67Y-62,T ,L ,U ,Yellow,199.8519,333.42,62,CM ,3.20,LB ,1,1,2013-05-30 00:00:00,,,2014-02-08 10:01:36.827000000
887,16,"HL Touring Frame - Yellow, 46",FR-T98Y-46,T ,H ,U ,Yellow,601.7437,1003.91,46,CM ,2.96,LB ,1,1,2013-05-30 00:00:00,,,2014-02-08 10:01:36.827000000
888,16,"HL Touring Frame - Yellow, 50",FR-T98Y-50,T ,H ,U ,Yellow,601.7437,1003.91,50,CM ,3.00,LB ,1,1,2013-05-30 00:00:00,,,2014-02-08 10:01:36.827000000
889,16,"HL Touring Frame - Yellow, 54",FR-T98Y-54,T ,H ,U ,Yellow,601.7437,1003.91,54,CM ,3.04,LB ,1,1,2013-05-30 00:00:00,,,2014-02-08 10:01:36.827000000
890,16,"HL Touring Frame - Blue, 46",FR-T98U-46,T ,H ,U ,Blue,601.7437,1003.91,46,CM ,2.96,LB ,1,1,2013-05-30 00:00:00,,,2014-02-08 10:01:36.827000000
891,16,"HL Touring Frame - Blue, 50",FR-T98U-50,T ,H ,U ,Blue,601.7437,1003.91,50,CM ,3.00,LB ,1,1,2013-05-30 00:00:00,,,2014-02-08 10:01:36.827000000
892,16,"HL Touring Frame - Blue, 54",FR-T98U-54,T ,H ,U ,Blue,601.7437,1003.91,54,CM ,3.04,LB ,1,1,2013-05-30 00:00:00,,,2014-02-08 10:01:36.827000000
893,16,"HL Touring Frame - Blue, 60",FR-T98U-60,T ,H ,U ,Blue,601.7437,1003.91,60,CM ,3.08,LB ,1,1,2013-05-30 00:00:00,,,2014-02-08 10:01:36.827000000
894,9,Rear Derailleur,RD-2308,,,,Silver,53.9282,121.46,,,215.00,G  ,1,1,2013-05-30 00:00:00,,,2014-02-08 10:01:36.827000000
895,16,"LL Touring Frame - Blue, 50",FR-T67U-50,T ,L ,U ,Blue,199.8519,333.42,50,CM ,3.10,LB ,1,1,2013-05-30 00:00:00,,,2014-02-08 10:01:36.827000000
896,16,"LL Touring Frame - Blue, 54",FR-T67U-54,T ,L ,U ,Blue,199.8519,333.42,54,CM ,3.14,LB ,1,1,2013-05-30 00:00:00,,,2014-02-08 10:01:36.827000000
897,16,"LL Touring Frame - Blue, 58",FR-T67U-58,T ,L ,U ,Blue,199.8519,333.42,58,CM ,3.16,LB ,1,1,2013-05-30 00:00:00,,,2014-02-08 10:01:36.827000000
898,16,"LL Touring Frame - Blue, 62",FR-T67U-62,T ,L ,U ,Blue,199.8519,333.42,62,CM ,3.20,LB ,1,1,2013-05-30 00:00:00,,,2014-02-08 10:01:36.827000000
899,16,"LL Touring Frame - Yellow, 44",FR-T67Y-44,T ,L ,U ,Yellow,199.8519,333.42,44,CM ,3.02,LB ,1,1,2013-05-30 00:00:00,,,2014-02-08 10:01:36.827000000
900,16,"LL Touring Frame - Yellow, 50",FR-T67Y-50,T ,L ,U ,Yellow,199.8519,333.42,50,CM ,3.10,LB ,1,1,2013-05-30 00:00:00,,,2014-02-08 10:01:36.827000000
901,16,"LL Touring Frame - Yellow, 54",FR-T67Y-54,T ,L ,U ,Yellow,199.8519,333.42,54,CM ,3.14,LB ,1,1,2013-05-30 00:00:00,,,2014-02-08 10:01:36.827000000
902,16,"LL Touring Frame - Yellow, 58",FR-T67Y-58,T ,L ,U ,Yellow,199.8519,333.42,58,CM ,3.16,LB ,1,1,2013-05-30 00:00:00,,,2014-02-08 10:01:36.827000000
903,16,"LL Touring Frame - Blue, 44",FR-T67U-44,T ,L ,U ,Blue,199.8519,333.42,44,CM ,3.02,LB ,1,1,2013-05-30 00:00:00,,,2014-02-08 10:01:36.827000000
904,12,"ML Mountain Frame-W - Silver, 40",FR-M63S-40,M ,M ,W ,Silver,199.3757,364.09,40,CM ,2.77,LB ,1,1,2013-05-30 00:00:00,,,2014-02-08 10:01:36.827000000
905,12,"ML Mountain Frame-W - Silver, 42",FR-M63S-42,M ,M ,W ,Silver,199.3757,364.09,42,CM ,2.81,LB ,1,1,2013-05-30 00:00:00,,,2014-02-08 10:01:36.827000000
906,12,"ML Mountain Frame-W - Silver, 46",FR-M63S-46,M ,M ,W ,Silver,199.3757,364.09,46,CM ,2.85,LB ,1,1,2013-05-30 00:00:00,,,2014-02-08 10:01:36.827000000
907,6,Rear Brakes,RB-9231,,,,Silver,47.286,106.5,,,317.00,G  ,0,1,2013-05-30 00:00:00,,,2014-02-08 10:01:36.827000000
908,15,LL Mountain Seat/Saddle,SE-M236,M ,L ,,,12.0413,27.12,,,,,0,1,2013-05-30 00:00:00,,,2014-02-08 10:01:36.827000000
909,15,ML Mountain Seat/Saddle,SE-M798,M ,M ,,,17.3782,39.14,,,,,0,1,2013-05-30 00:00:00,,,2014-02-08 10:01:36.827000000
910,15,HL Mountain Seat/Saddle,SE-M940,M ,H ,,,23.3722,52.64,,,,,0,1,2013-05-30 00:00:00,,,2014-02-08 10:01:36.827000000
911,15,LL Road Seat/Saddle,SE-R581,R ,L ,,,12.0413,27.12,,,,,0,1,2013-05-30 00:00:00,,,2014-02-08 10:01:36.827000000
912,15,ML Road Seat/Saddle,SE-R908,T ,M ,,,17.3782,39.14,,,,,0,1,2013-05-30 00:00:00,,,2014-02-08 10:01:36.827000000
913,15,HL Road Seat/Saddle,SE-R995,R ,H ,,,23.3722,52.64,,,,,0,1,2013-05-30 00:00:00,,,2014-02-08 10:01:36.827000000
914,15,LL Touring Seat/Saddle,SE-T312,T ,L ,,,12.0413,27.12,,,,,0,1,2013-05-30 00:00:00,,,2014-02-08 10:01:36.827000000
915,15,ML Touring Seat/Saddle,SE-T762,T ,M ,,,17.3782,39.14,,,,,0,1,2013-05-30 00:00:00,,,2014-02-08 10:01:36.827000000
916,15,HL Touring Seat/Saddle,SE-T924,T ,H ,,,23.3722,52.64,,,,,0,1,2013-05-30 00:00:00,,,2014-02-08 10:01:36.827000000
917,12,"LL Mountain Frame - Silver, 42",FR-M21S-42,M ,L ,U ,Silver,144.5938,264.05,42,CM ,2.92,LB ,1,1,2013-05-30 00:00:00,,,2014-02-08 10:01:36.827000000
918,12,"LL Mountain Frame - Silver, 44",FR-M21S-44,M ,L ,U ,Silver,144.5938,264.05,44,CM ,2.96,LB ,1,1,2013-05-30 00:00:00,,,2014-02-08 10:01:36.827000000
919,12,"LL Mountain Frame - Silver, 48",FR-M21S-48,M ,L ,U ,Silver,144.5938,264.05,48,CM ,3.00,LB ,1,1,2013-05-30 00:00:00,,,2014-02-08 10:01:36.827000000
920,12,"LL Mountain Frame - Silver, 52",FR-M21S-52,M ,L ,U ,Silver,144.5938,264.05,52,CM ,3.04,LB ,1,1,2013-05-30 00:00:00,,,2014-02-08 10:01:36.827000000
921,37,Mountain Tire Tube,TT-M928,M ,,,,1.8663,4.99,,,,,0,1,2013-05-30 00:00:00,,,2014-02-08 10:01:36.827000000
922,37,Road Tire Tube,TT-R982,R ,,,,1.4923,3.99,,,,,0,1,2013-05-30 00:00:00,,,2014-02-08 10:01:36.827000000
923,37,Touring Tire Tube,TT-T092,T ,,,,1.8663,4.99,,,,,0,1,2013-05-30 00:00:00,,,2014-02-08 10:01:36.827000000
924,12,"LL Mountain Frame - Black, 42",FR-M21B-42,M ,L ,U ,Black,136.785,249.79,42,CM ,2.92,LB ,1,1,2013-05-30 00:00:00,,,2014-02-08 10:01:36.827000000
925,12,"LL Mountain Frame - Black, 44",FR-M21B-44,M ,L ,U ,Black,136.785,249.79,44,CM ,2.96,LB ,1,1,2013-05-30 00:00:00,,,2014-02-08 10:01:36.827000000
926,12,"LL Mountain Frame - Black, 48",FR-M21B-48,M ,L ,U ,Black,136.785,249.79,48,CM ,3.00,LB ,1,1,2013-05-30 00:00:00,,,2014-02-08 10:01:36.827000000
927,12,"LL Mountain Frame - Black, 52",FR-M21B-52,M ,L ,U ,Black,136.785,249.79,52,CM ,3.04,LB ,1,1,2013-05-30 00:00:00,,,2014-02-08 10:01:36.827000000
928,37,LL Mountain Tire,TI-M267,M ,L ,,,9.3463,24.99,,,,,0,1,2013-05-30 00:00:00,,,2014-02-08 10:01:36.827000000
929,37,ML Mountain Tire,TI-M602,M ,M ,,,11.2163,29.99,,,,,0,1,2013-05-30 00:00:00,,,2014-02-08 10:01:36.827000000
930,37,HL Mountain Tire,TI-M823,M ,H ,,,13.09,35,,,,,0,1,2013-05-30 00:00:00,,,2014-02-08 10:01:36.827000000
931,37,LL Road Tire,TI-R092,R ,L ,,,8.0373,21.49,,,,,0,1,2013-05-30 00:00:00,,,2014-02-08 10:01:36.827000000
932,37,ML Road Tire,TI-R628,R ,M ,,,9.3463,24.99,,,,,0,1,2013-05-30 00:00:00,,,2014-02-08 10:01:36.827000000
933,37,HL Road Tire,TI-R982,R ,H ,,,12.1924,32.6,,,,,0,1,2013-05-30 00:00:00,,,2014-02-08 10:01:36.827000000
934,37,Touring Tire,TI-T723,T ,,,,10.8423,28.99,,,,,0,1,2013-05-30 00:00:00,,,2014-02-08 10:01:36.827000000
935,13,LL Mountain Pedal,PD-M282,M ,L ,,Silver/Black,17.9776,40.49,,,218.00,G  ,0,1,2013-05-30 00:00:00,,,2014-02-08 10:01:36.827000000
936,13,ML Mountain Pedal,PD-M340,M ,M ,,Silver/Black,27.568,62.09,,,215.00,G  ,0,1,2013-05-30 00:00:00,,,2014-02-08 10:01:36.827000000
937,13,HL Mountain Pedal,PD-M562,M ,H ,,Silver/Black,35.9596,80.99,,,185.00,G  ,0,1,2013-05-30 00:00:00,,,2014-02-08 10:01:36.827000000
938,13,LL Road Pedal,PD-R347,R ,L ,,Silver/Black,17.9776,40.49,,,189.00,G  ,0,1,2013-05-30 00:00:00,,,2014-02-08 10:01:36.827000000
939,13,ML Road Pedal,PD-R563,R ,M ,,Silver/Black,27.568,62.09,,,168.00,G  ,0,1,2013-05-30 00:00:00,,,2014-02-08 10:01:36.827000000
940,13,HL Road Pedal,PD-R853,R ,H ,,Silver/Black,35.9596,80.99,,,149.00,G  ,0,1,2013-05-30 00:00:00,,,2014-02-08 10:03:55.510000000
941,13,Touring Pedal,PD-T852,T ,,,Silver/Black,35.9596,80.99,,,,,0,1,2013-05-30 00:00:00,,,2014-02-08 10:01:36.827000000
942,12,"ML Mountain Frame-W - Silver, 38",FR-M63S-38,M ,M ,W ,Silver,199.3757,364.09,38,CM ,2.73,LB ,1,1,2013-05-30 00:00:00,,,2014-02-08 10:01:36.827000000
943,12,"LL Mountain Frame - Black, 40",FR-M21B-40,M ,L ,U ,Black,136.785,249.79,40,CM ,2.88,LB ,1,1,2013-05-30 00:00:00,,,2014-02-08 10:01:36.827000000
944,12,"LL Mountain Frame - Silver, 40",FR-M21S-40,M ,L ,U ,Silver,144.5938,264.05,40,CM ,2.88,LB ,1,1,2013-05-30 00:00:00,,,2014-02-08 10:01:36.827000000
945,9,Front Derailleur,FD-2342,,,,Silver,40.6216,91.49,,,88.00,G  ,1,1,2013-05-30 00:00:00,,,2014-02-08 10:01:36.827000000
946,4,LL Touring Handlebars,HB-T721,T ,L ,,,20.464,46.09,,,,,1,1,2013-05-30 00:00:00,,,2014-02-08 10:01:36.827000000
947,4,HL Touring Handlebars,HB-T928,T ,H ,,,40.6571,91.57,,,,,1,1,2013-05-30 00:00:00,,,2014-02-08 10:01:36.827000000
948,6,Front Brakes,FB-9873,,,,Silver,47.286,106.5,,,317.00,G  ,0,1,2013-05-30 00:00:00,,,2014-02-08 10:01:36.827000000
949,8,LL Crankset,CS-4759,,L ,,Black,77.9176,175.49,,,600.00,G  ,1,1,2013-05-30 00:00:00,,,2014-02-08 10:01:36.827000000
950,8,ML Crankset,CS-6583,,M ,,Black,113.8816,256.49,,,635.00,G  ,1,1,2013-05-30 00:00:00,,,2014-02-08 10:01:36.827000000
951,8,HL Crankset,CS-9183,,H ,,Black,179.8156,404.99,,,575.00,G  ,1,1,2013-05-30 00:00:00,,,2014-02-08 10:01:36.827000000
952,7,Chain,CH-0234,,,,Silver,8.9866,20.24,,,,,0,1,2013-05-30 00:00:00,,,2014-02-08 10:01:36.827000000
953,3,"Touring-2000 Blue, 60",BK-T44U-60,T ,M ,U ,Blue,755.1508,1214.85,60,CM ,27.90,LB ,1,1,2013-05-30 00:00:00,,,2014-02-08 10:01:36.827000000
954,3,"Touring-1000 Yellow, 46",BK-T79Y-46,T ,H ,U ,Yellow,1481.9379,2384.07,46,CM ,25.13,LB ,1,1,2013-05-30 00:00:00,,,2014-02-08 10:01:36.827000000
955,3,"Touring-1000 Yellow, 50",BK-T79Y-50,T ,H ,U ,Yellow,1481.9379,2384.07,50,CM ,25.42,LB ,1,1,2013-05-30 00:00:00,,,2014-02-08 10:01:36.827000000
956,3,"Touring-1000 Yellow, 54",BK-T79Y-54,T ,H ,U ,Yellow,1481.9379,2384.07,54,CM ,25.68,LB ,1,1,2013-05-30 00:00:00,,,2014-02-08 10:01:36.827000000
957,3,"Touring-1000 Yellow, 60",BK-T79Y-60,T ,H ,U ,Yellow,1481.9379,2384.07,60,CM ,25.90,LB ,1,1,2013-05-30 00:00:00,,,2014-02-08 10:01:36.827000000
958,3,"Touring-3000 Blue, 54",BK-T18U-54,T ,L ,U ,Blue,461.4448,742.35,54,CM ,29.68,LB ,1,1,2013-05-30 00:00:00,,,2014-02-08 10:01:36.827000000
959,3,"Touring-3000 Blue, 58",BK-T18U-58,T ,L ,U ,Blue,461.4448,742.35,58,CM ,29.90,LB ,1,1,2013-05-30 00:00:00,,,2014-02-08 10:01:36.827000000
960,3,"Touring-3000 Blue, 62",BK-T18U-62,T ,L ,U ,Blue,461.4448,742.35,62,CM ,30.00,LB ,1,1,2013-05-30 00:00:00,,,2014-02-08 10:01:36.827000000
961,3,"Touring-3000 Yellow, 44",BK-T18Y-44,T ,L ,U ,Yellow,461.4448,742.35,44,CM ,28.77,LB ,1,1,2013-05-30 00:00:00,,,2014-02-08 10:01:36.827000000
962,3,"Touring-3000 Yellow, 50",BK-T18Y-50,T ,L ,U ,Yellow,461.4448,742.35,50,CM ,29.13,LB ,1,1,2013-05-30 00:00:00,,,2014-02-08 10:01:36.827000000
963,3,"Touring-3000 Yellow, 54",BK-T18Y-54,T ,L ,U ,Yellow,461.4448,742.35,54,CM ,29.42,LB ,1,1,2013-05-30 00:00:00,,,2014-02-08 10:01:36.827000000
964,3,"Touring-3000 Yellow, 58",BK-T18Y-58,T ,L ,U ,Yellow,461.4448,742.35,58,CM ,29.79,LB ,1,1,2013-05-30 00:00:00,,,2014-02-08 10:01:36.827000000
965,3,"Touring-3000 Yellow, 62",BK-T18Y-62,T ,L ,U ,Yellow,461.4448,742.35,62,CM ,30.00,LB ,1,1,2013-05-30 00:00:00,,,2014-02-08 10:01:36.827000000
966,3,"Touring-1000 Blue, 46",BK-T79U-46,T ,H ,U ,Blue,1481.9379,2384.07,46,CM ,25.13,LB ,1,1,2013-05-30 00:00:00,,,2014-02-08 10:01:36.827000000
967,3,"Touring-1000 Blue, 50",BK-T79U-50,T ,H ,U ,Blue,1481.9379,2384.07,50,CM ,25.42,LB ,1,1,2013-05-30 00:00:00,,,2014-02-08 10:01:36.827000000
968,3,"Touring-1000 Blue, 54",BK-T79U-54,T ,H ,U ,Blue,1481.9379,2384.07,54,CM ,25.68,LB ,1,1,2013-05-30 00:00:00,,,2014-02-08 10:01:36.827000000
969,3,"Touring-1000 Blue, 60",BK-T79U-60,T ,H ,U ,Blue,1481.9379,2384.07,60,CM ,25.90,LB ,1,1,2013-05-30 00:00:00,,,2014-02-08 10:01:36.827000000
970,3,"Touring-2000 Blue, 46",BK-T44U-46,T ,M ,U ,Blue,755.1508,1214.85,46,CM ,27.13,LB ,1,1,2013-05-30 00:00:00,,,2014-02-08 10:01:36.827000000
971,3,"Touring-2000 Blue, 50",BK-T44U-50,T ,M ,U ,Blue,755.1508,1214.85,50,CM ,27.42,LB ,1,1,2013-05-30 00:00:00,,,2014-02-08 10:01:36.827000000
972,3,"Touring-2000 Blue, 54",BK-T44U-54,T ,M ,U ,Blue,755.1508,1214.85,54,CM ,27.68,LB ,1,1,2013-05-30 00:00:00,,,2014-02-08 10:01:36.827000000
973,2,"Road-350-W Yellow, 40",BK-R79Y-40,R ,M ,W ,Yellow,1082.51,1700.99,40,CM ,15.35,LB ,1,1,2013-05-30 00:00:00,,,2014-02-08 10:01:36.827000000
974,2,"Road-350-W Yellow, 42",BK-R79Y-42,R ,M ,W ,Yellow,1082.51,1700.99,42,CM ,15.77,LB ,1,1,2013-05-30 00:00:00,,,2014-02-08 10:01:36.827000000
975,2,"Road-350-W Yellow, 44",BK-R79Y-44,R ,M ,W ,Yellow,1082.51,1700.99,44,CM ,16.13,LB ,1,1,2013-05-30 00:00:00,,,2014-02-08 10:01:36.827000000
976,2,"Road-350-W Yellow, 48",BK-R79Y-48,R ,M ,W ,Yellow,1082.51,1700.99,48,CM ,16.42,LB ,1,1,2013-05-30 00:00:00,,,2014-02-08 10:01:36.827000000
977,2,"Road-750 Black, 58",BK-R19B-58,R ,L ,U ,Black,343.6496,539.99,58,CM ,20.79,LB ,1,1,2013-05-30 00:00:00,,,2014-02-08 10:01:36.827000000
978,3,"Touring-3000 Blue, 44",BK-T18U-44,T ,L ,U ,Blue,461.4448,742.35,44,CM ,28.77,LB ,1,1,2013-05-30 00:00:00,,,2014-02-08 10:01:36.827000000
979,3,"Touring-3000 Blue, 50",BK-T18U-50,T ,L ,U ,Blue,461.4448,742.35,50,CM ,29.13,LB ,1,1,2013-05-30 00:00:00,,,2014-02-08 10:01:36.827000000
980,1,"Mountain-400-W Silver, 38",BK-M38S-38,M ,M ,W ,Silver,419.7784,769.49,38,CM ,26.35,LB ,1,1,2013-05-30 00:00:00,,,2014-02-08 10:01:36.827000000
981,1,"Mountain-400-W Silver, 40",BK-M38S-40,M ,M ,W ,Silver,419.7784,769.49,40,CM ,26.77,LB ,1,1,2013-05-30 00:00:00,,,2014-02-08 10:01:36.827000000
982,1,"Mountain-400-W Silver, 42",BK-M38S-42,M ,M ,W ,Silver,419.7784,769.49,42,CM ,27.13,LB ,1,1,2013-05-30 00:00:00,,,2014-02-08 10:01:36.827000000
983,1,"Mountain-400-W Silver, 46",BK-M38S-46,M ,M ,W ,Silver,419.7784,769.49,46,CM ,27.42,LB ,1,1,2013-05-30 00:00:00,,,2014-02-08 10:01:36.827000000
984,1,"Mountain-500 Silver, 40",BK-M18S-40,M ,L ,U ,Silver,308.2179,564.99,40,CM ,27.35,LB ,1,1,2013-05-30 00:00:00,,,2014-02-08 10:01:36.827000000
985,1,"Mountain-500 Silver, 42",BK-M18S-42,M ,L ,U ,Silver,308.2179,564.99,42,CM ,27.77,LB ,1,1,2013-05-30 00:00:00,,,2014-02-08 10:01:36.827000000
986,1,"Mountain-500 Silver, 44",BK-M18S-44,M ,L ,U ,Silver,308.2179,564.99,44,CM ,28.13,LB ,1,1,2013-05-30 00:00:00,,,2014-02-08 10:01:36.827000000
987,1,"Mountain-500 Silver, 48",BK-M18S-48,M ,L ,U ,Silver,308.2179,564.99,48,CM ,28.42,LB ,1,1,2013-05-30 00:00:00,,,2014-02-08 10:01:36.827000000
988,1,"Mountain-500 Silver, 52",BK-M18S-52,M ,L ,U ,Silver,308.2179,564.99,52,CM ,28.68,LB ,1,1,2013-05-30 00:00:00,,,2014-02-08 10:01:36.827000000
989,1,"Mountain-500 Black, 40",BK-M18B-40,M ,L ,U ,Black,294.5797,539.99,40,CM ,27.35,LB ,1,1,2013-05-30 00:00:00,,,2014-02-08 10:01:36.827000000
990,1,"Mountain-500 Black, 42",BK-M18B-42,M ,L ,U ,Black,294.5797,539.99,42,CM ,27.77,LB ,1,1,2013-05-30 00:00:00,,,2014-02-08 10:01:36.827000000
991,1,"Mountain-500 Black, 44",BK-M18B-44,M ,L ,U ,Black,294.5797,539.99,44,CM ,28.13,LB ,1,1,2013-05-30 00:00:00,,,2014-02-08 10:01:36.827000000
992,1,"Mountain-500 Black, 48",BK-M18B-48,M ,L ,U ,Black,294.5797,539.99,48,CM ,28.42,LB ,1,1,2013-05-30 00:00:00,,,2014-02-08 10:01:36.827000000
993,1,"Mountain-500 Black, 52",BK-M18B-52,M ,L ,U ,Black,294.5797,539.99,52,CM ,28.68,LB ,1,1,2013-05-30 00:00:00,,,2014-02-08 10:01:36.827000000
994,5,LL Bottom Bracket,BB-7421,,L ,,,23.9716,53.99,,,223.00,G  ,1,1,2013-05-30 00:00:00,,,2014-02-08 10:01:36.827000000
995,5,ML Bottom Bracket,BB-8107,,M ,,,44.9506,101.24,,,168.00,G  ,1,1,2013-05-30 00:00:00,,,2014-02-08 10:01:36.827000000
996,5,HL Bottom Bracket,BB-9108,,H ,,,53.9416,121.49,,,170.00,G  ,1,1,2013-05-30 00:00:00,,,2014-02-08 10:01:36.827000000
997,2,"Road-750 Black, 44",BK-R19B-44,R ,L ,U ,Black,343.6496,539.99,44,CM ,19.77,LB ,1,1,2013-05-30 00:00:00,,,2014-02-08 10:01:36.827000000
998,2,"Road-750 Black, 48",BK-R19B-48,R ,L ,U ,Black,343.6496,539.99,48,CM ,20.13,LB ,1,1,2013-05-30 00:00:00,,,2014-02-08 10:01:36.827000000
999,2,"Road-750 Black, 52",BK-R19B-52,R ,L ,U ,Black,343.6496,539.99,52,CM ,20.42,LB ,1,1,2013-05-30 00:00:00,,,2014-02-08 10:01:36.827000000